-- MySQL Script generated by MySQL Workbench
-- Tue Sep 21 15:59:17 2021
-- Model: New Model    Version: 1.0
-- MySQL Workbench Forward Engineering

SET @OLD_UNIQUE_CHECKS=@@UNIQUE_CHECKS, UNIQUE_CHECKS=0;
SET @OLD_FOREIGN_KEY_CHECKS=@@FOREIGN_KEY_CHECKS, FOREIGN_KEY_CHECKS=0;
SET @OLD_SQL_MODE=@@SQL_MODE, SQL_MODE='TRADITIONAL,ALLOW_INVALID_DATES';

-- -----------------------------------------------------
-- Schema servicemobi_db
-- -----------------------------------------------------
DROP SCHEMA IF EXISTS `servicemobi_db` ;

-- -----------------------------------------------------
-- Schema servicemobi_db
-- -----------------------------------------------------
CREATE SCHEMA IF NOT EXISTS `servicemobi_db` DEFAULT CHARACTER SET utf8 ;
SHOW WARNINGS;
USE `servicemobi_db` ;

-- -----------------------------------------------------
-- Table `servicemobi_db`.`ci_sessions`
-- -----------------------------------------------------
DROP TABLE IF EXISTS `servicemobi_db`.`ci_sessions` ;

SHOW WARNINGS;
CREATE TABLE IF NOT EXISTS `servicemobi_db`.`ci_sessions` (
  `session_id` VARCHAR(45) NOT NULL,
  `ip_address` VARCHAR(45) NULL,
  `user_agent` VARCHAR(45) NULL,
  `last_activity` INT(10) UNSIGNED NULL,
  `user_data` TEXT NOT NULL,
  PRIMARY KEY (`session_id`))
ENGINE = MyISAM
DEFAULT CHARACTER SET = utf8;

SHOW WARNINGS;

-- -----------------------------------------------------
-- Table `servicemobi_db`.`tta_user_types`
-- -----------------------------------------------------
DROP TABLE IF EXISTS `servicemobi_db`.`tta_user_types` ;

SHOW WARNINGS;
CREATE TABLE IF NOT EXISTS `servicemobi_db`.`tta_user_types` (
  `user_type_id` BIGINT(20) NOT NULL AUTO_INCREMENT,
  `type_name` VARCHAR(128) NULL,
  PRIMARY KEY (`user_type_id`))
ENGINE = MyISAM
AUTO_INCREMENT = 111
DEFAULT CHARACTER SET = utf8;

SHOW WARNINGS;
CREATE UNIQUE INDEX `user_type_id_UNIQUE` ON `servicemobi_db`.`tta_user_types` (`user_type_id` ASC);

SHOW WARNINGS;

-- -----------------------------------------------------
-- Table `servicemobi_db`.`tta_customers`
-- -----------------------------------------------------
DROP TABLE IF EXISTS `servicemobi_db`.`tta_customers` ;

SHOW WARNINGS;
CREATE TABLE IF NOT EXISTS `servicemobi_db`.`tta_customers` (
  `customer_id` BIGINT(20) NOT NULL AUTO_INCREMENT,
  `customer_type_id` VARCHAR(3) NULL,
  `campaign_id` VARCHAR(45) NULL,
  `customer_name` VARCHAR(256) NULL,
  `customer_primary_email` VARCHAR(512) NULL,
  `customer_billing_email` VARCHAR(512) NULL,
  `customer_alert_email` VARCHAR(512) NULL,
  `customer_primary_phone` VARCHAR(30) NULL,
  `customer_secondary_phone` VARCHAR(30) NULL,
  `customer_address` VARCHAR(512) NULL,
  `customer_signup_date_time` DATETIME NOT NULL,
  `customer_notes` TEXT NULL,
  `customer_remarks` TEXT NULL,
  `customer_activated_by` VARCHAR(45) NULL,
  `customer_activated_date_time` DATETIME NULL,
  `customer_deactivated_by` VARCHAR(45) NULL,
  `customer_deactivate_date_time` DATETIME NULL,
  `customer_sms` BIGINT(6) NULL,
  `customer_cost_per_device` INT NULL,
  `customer_cost_per_vehicle` INT NULL,
  `customer_rederred_by` VARCHAR(512) NULL,
  `customer_billing_date` VARCHAR(2) NULL,
  `donotsuspend` VARCHAR(3) NULL,
  `suspended` VARCHAR(3) NULL,
  `footer1_title` VARCHAR(128) NULL,
  `footer1_body` VARCHAR(256) NULL,
  `footer2_title` VARCHAR(128) NULL,
  `footer2_body` VARCHAR(256) NULL,
  `footer3` VARCHAR(256) NULL,
  `footer4` VARCHAR(256) NULL,
  `customer_inserted_by` VARCHAR(45) NULL,
  `customer_insert_date_time` DATETIME NOT NULL,
  `customer_updated_by` VARCHAR(45) NULL,
  `customer_update_date_time` DATETIME NOT NULL,
  `customer_status` VARCHAR(3) NULL,
  PRIMARY KEY (`customer_id`))
ENGINE = MyISAM
AUTO_INCREMENT = 1003
DEFAULT CHARACTER SET = utf8;

SHOW WARNINGS;
CREATE UNIQUE INDEX `customer_id_UNIQUE` ON `servicemobi_db`.`tta_customers` (`customer_id` ASC);

SHOW WARNINGS;

-- -----------------------------------------------------
-- Table `servicemobi_db`.`tta_users`
-- -----------------------------------------------------
DROP TABLE IF EXISTS `servicemobi_db`.`tta_users` ;

SHOW WARNINGS;
CREATE TABLE IF NOT EXISTS `servicemobi_db`.`tta_users` (
  `user_id` BIGINT(20) NOT NULL AUTO_INCREMENT,
  `user_type_id` BIGINT(20) NOT NULL,
  `customer_id` BIGINT(20) NOT NULL,
  `user_primary_account` VARCHAR(3) NULL,
  `user_login_email` VARCHAR(256) NULL,
  `user_password` VARCHAR(2048) NULL,
  `user_name` VARCHAR(256) NULL,
  `position` VARCHAR(128) NULL,
  `user_rem` VARCHAR(2048) NULL,
  `user_security_question` VARCHAR(512) NULL,
  `user_security_answer` VARCHAR(256) NULL,
  `user_pin` VARCHAR(6) NULL,
  `primary_phone` VARCHAR(45) NULL,
  `cell_phone` VARCHAR(45) NULL,
  `carrier_id` VARCHAR(45) NULL,
  `insert_date_time` DATETIME NULL,
  `inserted_by` VARCHAR(45) NULL,
  `update_date_time` DATETIME NULL,
  `updated_by` VARCHAR(45) NULL,
  `user_status` VARCHAR(3) NULL,
  PRIMARY KEY (`user_id`, `user_type_id`, `customer_id`))
ENGINE = MyISAM
AUTO_INCREMENT = 10
DEFAULT CHARACTER SET = utf8;

SHOW WARNINGS;
CREATE UNIQUE INDEX `user_id_UNIQUE` ON `servicemobi_db`.`tta_users` (`user_id` ASC);

SHOW WARNINGS;
CREATE INDEX `fk_tta_users_tta_user_types1_idx` ON `servicemobi_db`.`tta_users` (`user_type_id` ASC);

SHOW WARNINGS;
CREATE INDEX `fk_tta_users_tta_customers1_idx` ON `servicemobi_db`.`tta_users` (`customer_id` ASC);

SHOW WARNINGS;

-- -----------------------------------------------------
-- Table `servicemobi_db`.`tta_packages`
-- -----------------------------------------------------
DROP TABLE IF EXISTS `servicemobi_db`.`tta_packages` ;

SHOW WARNINGS;
CREATE TABLE IF NOT EXISTS `servicemobi_db`.`tta_packages` (
  `package_id` INT NOT NULL AUTO_INCREMENT,
  `sort_by` VARCHAR(3) NULL,
  `package_name` VARCHAR(128) NULL,
  `package_price` VARCHAR(45) NULL,
  `per_user_price` VARCHAR(45) NULL,
  PRIMARY KEY (`package_id`))
ENGINE = MyISAM
AUTO_INCREMENT = 6
DEFAULT CHARACTER SET = utf8;

SHOW WARNINGS;
CREATE UNIQUE INDEX `package_id_UNIQUE` ON `servicemobi_db`.`tta_packages` (`package_id` ASC);

SHOW WARNINGS;

-- -----------------------------------------------------
-- Table `servicemobi_db`.`tta_devices`
-- -----------------------------------------------------
DROP TABLE IF EXISTS `servicemobi_db`.`tta_devices` ;

SHOW WARNINGS;
CREATE TABLE IF NOT EXISTS `servicemobi_db`.`tta_devices` (
  `device_id` BIGINT(60) NOT NULL AUTO_INCREMENT,
  `device_type` VARCHAR(3) NULL,
  `vehicle_id` VARCHAR(45) NULL,
  `customer_id` VARCHAR(45) NULL,
  `device_imei` VARCHAR(2048) NULL,
  `device_unique_id` VARCHAR(128) NULL,
  `device_activation_status` VARCHAR(3) NULL,
  `device_activated_by` VARCHAR(45) NULL,
  `device_activated_date_time` DATETIME NULL,
  `device_deactivated_by` VARCHAR(45) NULL,
  `device_deactivated_date_time` DATETIME NULL,
  `device_authorization_code` VARCHAR(2048) NULL,
  `device_authorizad_by` VARCHAR(45) NULL,
  `device_authorized_date_time` DATETIME NULL,
  `device_deauthorized_by` VARCHAR(45) NULL,
  `device_deauthorized_date_time` DATETIME NULL,
  `device_asigned_status` VARCHAR(3) NULL,
  `device_asigned_to` VARCHAR(45) NULL,
  `device_asigned_date` DATE NULL,
  `device_sim_number` VARCHAR(2048) NULL,
  `device_recharge_amount` VARCHAR(45) NULL,
  `device_current_url` VARCHAR(256) NULL,
  `device_old_url` VARCHAR(256) NULL,
  `device_update_url` VARCHAR(3) NULL,
  `device_varified` VARCHAR(3) NULL,
  `device_firmware` VARCHAR(512) NULL,
  `device_version` VARCHAR(128) NULL,
  `device_sleep_interval` INT NULL,
  `device_note` TEXT NULL,
  `device_inserted_by` VARCHAR(45) NULL,
  `device_insert_date_time` DATETIME NULL,
  `device_updated_by` VARCHAR(45) NULL,
  `device_update_date_time` DATETIME NULL,
  `device_status` VARCHAR(3) NULL,
  PRIMARY KEY (`device_id`))
ENGINE = MyISAM
AUTO_INCREMENT = 3
DEFAULT CHARACTER SET = utf8;

SHOW WARNINGS;
CREATE UNIQUE INDEX `device_id_UNIQUE` ON `servicemobi_db`.`tta_devices` (`device_id` ASC);

SHOW WARNINGS;

-- -----------------------------------------------------
-- Table `servicemobi_db`.`tta_vehicle_types`
-- -----------------------------------------------------
DROP TABLE IF EXISTS `servicemobi_db`.`tta_vehicle_types` ;

SHOW WARNINGS;
CREATE TABLE IF NOT EXISTS `servicemobi_db`.`tta_vehicle_types` (
  `vehicle_type_id` INT NOT NULL AUTO_INCREMENT,
  `vehicle_type_sort` VARCHAR(45) NULL,
  `vehicle_type_name` VARCHAR(128) NULL,
  `vehicle_type_icon` VARCHAR(256) NULL,
  `vehicle_type_status` VARCHAR(3) NULL,
  PRIMARY KEY (`vehicle_type_id`))
ENGINE = MyISAM
AUTO_INCREMENT = 10
DEFAULT CHARACTER SET = utf8;

SHOW WARNINGS;
CREATE UNIQUE INDEX `vehicle_type_id_UNIQUE` ON `servicemobi_db`.`tta_vehicle_types` (`vehicle_type_id` ASC);

SHOW WARNINGS;

-- -----------------------------------------------------
-- Table `servicemobi_db`.`tta_vehicle_color`
-- -----------------------------------------------------
DROP TABLE IF EXISTS `servicemobi_db`.`tta_vehicle_color` ;

SHOW WARNINGS;
CREATE TABLE IF NOT EXISTS `servicemobi_db`.`tta_vehicle_color` (
  `vehicle_color_id` INT NOT NULL AUTO_INCREMENT,
  `color_sort` VARCHAR(3) NULL,
  `color_name` VARCHAR(45) NULL,
  `color_css` VARCHAR(45) NULL,
  `color_status` VARCHAR(3) NULL,
  PRIMARY KEY (`vehicle_color_id`))
ENGINE = MyISAM
AUTO_INCREMENT = 12
DEFAULT CHARACTER SET = utf8;

SHOW WARNINGS;
CREATE UNIQUE INDEX `vehicle_color_id_UNIQUE` ON `servicemobi_db`.`tta_vehicle_color` (`vehicle_color_id` ASC);

SHOW WARNINGS;

-- -----------------------------------------------------
-- Table `servicemobi_db`.`tta_vehicles`
-- -----------------------------------------------------
DROP TABLE IF EXISTS `servicemobi_db`.`tta_vehicles` ;

SHOW WARNINGS;
CREATE TABLE IF NOT EXISTS `servicemobi_db`.`tta_vehicles` (
  `vehicle_id` BIGINT(60) NOT NULL AUTO_INCREMENT,
  `customer_id` BIGINT(20) NOT NULL,
  `device_id` VARCHAR(45) NULL,
  `vehicle_type_id` INT NOT NULL,
  `vehicle_color_id` INT NOT NULL,
  `vehicle_device_status` VARCHAR(3) NULL,
  `vehicle_device_assigned_by` VARCHAR(45) NULL,
  `vehicle_device_assign_date_time` DATETIME NULL,
  `vehicle_device_unassigned_by` VARCHAR(45) NULL,
  `vehicle_device_unassign_date_time` DATETIME NULL,
  `vehicle_number` VARCHAR(128) NULL,
  `vehicle_year_make_model` VARCHAR(256) NULL,
  `vehicle_description` TEXT NULL,
  `vehicle_remarks` TEXT NULL,
  `vehicle_max_speed` VARCHAR(45) NULL,
  `vehicle_driver_name` VARCHAR(128) NULL,
  `vehicle_fathers_name` VARCHAR(128) NULL,
  `vehicle_driver_license` VARCHAR(256) NULL,
  `vehicle_address` VARCHAR(512) NULL,
  `vehicle_driver_phone` VARCHAR(45) NULL,
  `vehicle_driver_dob` DATE NULL,
  `vehicle_driver_notes` TEXT NULL,
  `vehicle_inserted_by` VARCHAR(45) NULL,
  `vehicle_insert_date_time` DATETIME NULL,
  `vehicle_updated_by` VARCHAR(45) NULL,
  `vehicle_update_date_time` DATETIME NULL,
  `vehicle_activation_status` VARCHAR(3) NULL,
  `vehicle_activated_by` VARCHAR(45) NULL,
  `vehicle_activated_date_time` DATETIME NULL,
  `vehicle_deactivated_by` VARCHAR(45) NULL,
  `vehicle_deactivated_date_time` DATETIME NULL,
  `vehicle_distence_per_unit` VARCHAR(3) NULL,
  `vehicle_device_cost` INT NULL,
  `vehicle_monthly_recurring_charge` INT NULL,
  `vehicle_status` VARCHAR(3) NULL,
  PRIMARY KEY (`vehicle_id`, `customer_id`, `vehicle_type_id`, `vehicle_color_id`))
ENGINE = MyISAM
AUTO_INCREMENT = 2
DEFAULT CHARACTER SET = utf8;

SHOW WARNINGS;
CREATE UNIQUE INDEX `vechicle_id_UNIQUE` ON `servicemobi_db`.`tta_vehicles` (`vehicle_id` ASC);

SHOW WARNINGS;
CREATE INDEX `fk_tta_vehicles_tta_customers1_idx` ON `servicemobi_db`.`tta_vehicles` (`customer_id` ASC);

SHOW WARNINGS;
CREATE INDEX `fk_tta_vehicles_tta_vehicle_types1_idx` ON `servicemobi_db`.`tta_vehicles` (`vehicle_type_id` ASC);

SHOW WARNINGS;
CREATE INDEX `fk_tta_vehicles_tta_vehicle_color1_idx` ON `servicemobi_db`.`tta_vehicles` (`vehicle_color_id` ASC);

SHOW WARNINGS;

-- -----------------------------------------------------
-- Table `servicemobi_db`.`tta_activity`
-- -----------------------------------------------------
DROP TABLE IF EXISTS `servicemobi_db`.`tta_activity` ;

SHOW WARNINGS;
CREATE TABLE IF NOT EXISTS `servicemobi_db`.`tta_activity` (
  `activity_id` BIGINT(20) NOT NULL AUTO_INCREMENT,
  `customer_id` BIGINT(20) NOT NULL,
  `user_id` BIGINT(20) NOT NULL,
  `user_type_id` BIGINT(20) NOT NULL,
  `vehicle_id` VARCHAR(45) NULL,
  `boundary_id` VARCHAR(45) NULL,
  `alert_id` VARCHAR(45) NULL,
  `device_id` VARCHAR(45) NULL,
  `invoice_id` VARCHAR(45) NULL,
  `insert_date_time` DATETIME NULL,
  `message` TEXT NULL,
  `ip` VARCHAR(45) NULL,
  `os` VARCHAR(256) NULL,
  `browser` VARCHAR(256) NULL,
  `url` VARCHAR(256) NULL,
  `find_type` VARCHAR(3) NULL,
  `api_id` VARCHAR(45) NULL,
  PRIMARY KEY (`activity_id`, `customer_id`, `user_id`, `user_type_id`))
ENGINE = MyISAM
AUTO_INCREMENT = 1
DEFAULT CHARACTER SET = utf8;

SHOW WARNINGS;
CREATE UNIQUE INDEX `activity_id_UNIQUE` ON `servicemobi_db`.`tta_activity` (`activity_id` ASC);

SHOW WARNINGS;
CREATE INDEX `fk_tta_activity_tta_users1_idx` ON `servicemobi_db`.`tta_activity` (`user_id` ASC, `user_type_id` ASC, `customer_id` ASC);

SHOW WARNINGS;

-- -----------------------------------------------------
-- Table `servicemobi_db`.`tta_boundaries`
-- -----------------------------------------------------
DROP TABLE IF EXISTS `servicemobi_db`.`tta_boundaries` ;

SHOW WARNINGS;
CREATE TABLE IF NOT EXISTS `servicemobi_db`.`tta_boundaries` (
  `boundary_id` BIGINT(20) NOT NULL AUTO_INCREMENT,
  `customer_id` BIGINT(20) NOT NULL,
  `boundary_title` VARCHAR(128) NULL,
  `nw_lat` VARCHAR(45) NULL,
  `nw_long` VARCHAR(45) NULL,
  `se_lat` VARCHAR(45) NULL,
  `se_long` VARCHAR(45) NULL,
  `insert_date_time` DATETIME NULL,
  `inserted_by` VARCHAR(45) NULL,
  `update_date_time` DATETIME NULL,
  `updated_by` VARCHAR(45) NULL,
  `status` VARCHAR(3) NULL,
  PRIMARY KEY (`boundary_id`, `customer_id`))
ENGINE = MyISAM
AUTO_INCREMENT = 04
DEFAULT CHARACTER SET = utf8;

SHOW WARNINGS;
CREATE UNIQUE INDEX `boundary_id_UNIQUE` ON `servicemobi_db`.`tta_boundaries` (`boundary_id` ASC);

SHOW WARNINGS;
CREATE INDEX `fk_tta_boundaries_tta_customers1_idx` ON `servicemobi_db`.`tta_boundaries` (`customer_id` ASC);

SHOW WARNINGS;

-- -----------------------------------------------------
-- Table `servicemobi_db`.`tta_alerts`
-- -----------------------------------------------------
DROP TABLE IF EXISTS `servicemobi_db`.`tta_alerts` ;

SHOW WARNINGS;
CREATE TABLE IF NOT EXISTS `servicemobi_db`.`tta_alerts` (
  `alert_id` BIGINT(20) NOT NULL AUTO_INCREMENT,
  `boundary_id` BIGINT(20) NOT NULL,
  `customer_id` BIGINT(20) NOT NULL,
  `vehicle_id` BIGINT(60) NOT NULL,
  `device_id` BIGINT(60) NOT NULL,
  `alert_title` VARCHAR(128) NULL,
  `alert_type` VARCHAR(3) NULL,
  `notification_option` VARCHAR(3) NULL,
  `from` TIME NULL,
  `to` TIME NULL,
  `insert_date_time` DATETIME NULL,
  `inserted_by` VARCHAR(45) NULL,
  `update_date_time` DATETIME NULL,
  `updated_by` VARCHAR(45) NULL,
  `alert_delivery_status` VARCHAR(3) NULL,
  `alert_delivery_date` DATE NULL,
  `alert_delivery_time` TIME NULL,
  `status` VARCHAR(3) NULL,
  `alert_trigger_status` VARCHAR(3) NULL,
  PRIMARY KEY (`alert_id`, `boundary_id`, `customer_id`, `vehicle_id`, `device_id`))
ENGINE = MyISAM
AUTO_INCREMENT = 03
DEFAULT CHARACTER SET = utf8;

SHOW WARNINGS;
CREATE UNIQUE INDEX `alert_id_UNIQUE` ON `servicemobi_db`.`tta_alerts` (`alert_id` ASC);

SHOW WARNINGS;
CREATE INDEX `fk_tta_alerts_tta_boundaries1_idx` ON `servicemobi_db`.`tta_alerts` (`boundary_id` ASC, `customer_id` ASC);

SHOW WARNINGS;
CREATE INDEX `fk_tta_alerts_tta_vehicles1_idx` ON `servicemobi_db`.`tta_alerts` (`vehicle_id` ASC, `device_id` ASC);

SHOW WARNINGS;

-- -----------------------------------------------------
-- Table `servicemobi_db`.`tta_api`
-- -----------------------------------------------------
DROP TABLE IF EXISTS `servicemobi_db`.`tta_api` ;

SHOW WARNINGS;
CREATE TABLE IF NOT EXISTS `servicemobi_db`.`tta_api` (
  `api_id` BIGINT(20) NOT NULL AUTO_INCREMENT,
  `api_key` VARCHAR(2048) NULL,
  `email` VARCHAR(256) NULL,
  `password` VARCHAR(2048) NULL,
  `dob` DATE NULL,
  `insert_date_time` DATETIME NULL,
  `inserted_by` VARCHAR(45) NULL,
  `update_date_time` DATETIME NULL,
  `updated_by` VARCHAR(45) NULL,
  `status` VARCHAR(3) NULL,
  PRIMARY KEY (`api_id`))
ENGINE = MyISAM
DEFAULT CHARACTER SET = utf8;

SHOW WARNINGS;
CREATE UNIQUE INDEX `api_UNIQUE` ON `servicemobi_db`.`tta_api` (`api_id` ASC);

SHOW WARNINGS;

-- -----------------------------------------------------
-- Table `servicemobi_db`.`tta_invoices`
-- -----------------------------------------------------
DROP TABLE IF EXISTS `servicemobi_db`.`tta_invoices` ;

SHOW WARNINGS;
CREATE TABLE IF NOT EXISTS `servicemobi_db`.`tta_invoices` (
  `invoice_id` BIGINT NOT NULL AUTO_INCREMENT,
  `customer_id` BIGINT(20) NOT NULL,
  `invoice_number` BIGINT NULL,
  `type` VARCHAR(45) NULL,
  `title_text` VARCHAR(256) NULL,
  `invoice_date` DATE NOT NULL,
  `due_date` DATE NOT NULL,
  `bill_to` VARCHAR(256) NULL,
  `bill_address` VARCHAR(512) NULL,
  `ship_to` VARCHAR(256) NULL,
  `ship_address` VARCHAR(512) NULL,
  `tax_type` VARCHAR(3) NULL,
  `tax` VARCHAR(45) NULL,
  `paid_status` VARCHAR(3) NULL,
  `paid_by` VARCHAR(45) NULL,
  `paid_date_time` DATETIME NULL,
  `amount` DOUBLE NULL,
  `shipping_handling` DOUBLE NULL,
  `prefix` VARCHAR(45) NULL,
  `taxable` VARCHAR(3) NULL,
  `footer1_title` VARCHAR(256) NULL,
  `footer1_body` VARCHAR(512) NULL,
  `footer2_title` VARCHAR(256) NULL,
  `footer2_body` VARCHAR(512) NULL,
  `footer3` VARCHAR(256) NULL,
  `footer4` VARCHAR(256) NULL,
  `signature_user_id` VARCHAR(45) NULL,
  `following` VARCHAR(3) NULL,
  `insert_date_time` DATETIME NOT NULL,
  `inserted_by` VARCHAR(45) NULL,
  `update_date_time` DATETIME NOT NULL,
  `updated_by` VARCHAR(45) NULL,
  `status` VARCHAR(3) NULL,
  PRIMARY KEY (`invoice_id`, `customer_id`))
ENGINE = MyISAM
AUTO_INCREMENT = 1
DEFAULT CHARACTER SET = utf8;

SHOW WARNINGS;
CREATE INDEX `fk_tta_invoices_tta_customers2_idx` ON `servicemobi_db`.`tta_invoices` (`customer_id` ASC);

SHOW WARNINGS;

-- -----------------------------------------------------
-- Table `servicemobi_db`.`tta_item`
-- -----------------------------------------------------
DROP TABLE IF EXISTS `servicemobi_db`.`tta_item` ;

SHOW WARNINGS;
CREATE TABLE IF NOT EXISTS `servicemobi_db`.`tta_item` (
  `item_id` BIGINT NOT NULL AUTO_INCREMENT,
  `item_category_id` VARCHAR(45) NULL,
  `item_sub_category_id` VARCHAR(45) NULL,
  `brand_id` VARCHAR(45) NULL,
  `item_name` VARCHAR(128) NULL,
  `item_model` VARCHAR(128) NULL,
  `item_description` TEXT NULL,
  `item_purchase_price` VARCHAR(45) NULL,
  `item_margin` VARCHAR(45) NULL,
  `item_sale_price` VARCHAR(45) NULL,
  `item_quantity` VARCHAR(45) NULL,
  `item_retail_price` VARCHAR(45) NULL,
  `item_retail_margin` VARCHAR(45) NULL,
  `item_retail_quantity` VARCHAR(45) NULL,
  `item_total` VARCHAR(45) NULL,
  `item_note` TEXT NULL,
  `image` VARCHAR(512) NULL,
  `insert_date_time` DATETIME NULL,
  `inserted_by` VARCHAR(45) NULL,
  `update_date_time` DATETIME NULL,
  `updated_by` VARCHAR(45) NULL,
  `status` VARCHAR(3) NULL,
  PRIMARY KEY (`item_id`))
ENGINE = MyISAM
AUTO_INCREMENT = 5
DEFAULT CHARACTER SET = utf8;

SHOW WARNINGS;
CREATE UNIQUE INDEX `item_id_UNIQUE` ON `servicemobi_db`.`tta_item` (`item_id` ASC);

SHOW WARNINGS;

-- -----------------------------------------------------
-- Table `servicemobi_db`.`tta_sms`
-- -----------------------------------------------------
DROP TABLE IF EXISTS `servicemobi_db`.`tta_sms` ;

SHOW WARNINGS;
CREATE TABLE IF NOT EXISTS `servicemobi_db`.`tta_sms` (
  `sms_id` BIGINT NOT NULL AUTO_INCREMENT,
  `customer_id` VARCHAR(45) NULL,
  `user_id` VARCHAR(45) NULL,
  `device_id` VARCHAR(45) NULL,
  `boundary_id` VARCHAR(45) NULL,
  `alert_id` VARCHAR(45) NULL,
  `vehicle_id` VARCHAR(45) NULL,
  `to` VARCHAR(45) NULL,
  `body` VARCHAR(512) NULL,
  `insert_date_time` DATETIME NULL,
  `inserted_by` VARCHAR(45) NULL,
  `sms_status` VARCHAR(3) NULL,
  PRIMARY KEY (`sms_id`))
ENGINE = MyISAM
AUTO_INCREMENT = 1
DEFAULT CHARACTER SET = utf8;

SHOW WARNINGS;
CREATE UNIQUE INDEX `sms_id_UNIQUE` ON `servicemobi_db`.`tta_sms` (`sms_id` ASC);

SHOW WARNINGS;

-- -----------------------------------------------------
-- Table `servicemobi_db`.`tta_settings`
-- -----------------------------------------------------
DROP TABLE IF EXISTS `servicemobi_db`.`tta_settings` ;

SHOW WARNINGS;
CREATE TABLE IF NOT EXISTS `servicemobi_db`.`tta_settings` (
  `settings_id` BIGINT NOT NULL AUTO_INCREMENT,
  `setting_name` VARCHAR(128) NULL,
  `setting_identifier` VARCHAR(128) NULL,
  `setting_options` VARCHAR(128) NULL,
  `setting_message` TEXT NULL,
  `setting_autoload` VARCHAR(3) NULL,
  `setting_date` DATE NULL,
  `setting_from_time` TIME NULL,
  `setting_to_time` TIME NULL,
  `footer1_title` VARCHAR(128) NULL,
  `footer1_body` VARCHAR(512) NULL,
  `footer2_title` VARCHAR(128) NULL,
  `footer2_body` VARCHAR(512) NULL,
  `footer3` VARCHAR(256) NULL,
  `footer4` VARCHAR(256) NULL,
  `update_date_time` DATETIME NULL,
  `updated_by` VARCHAR(45) NULL,
  `setting_status` VARCHAR(3) NULL,
  PRIMARY KEY (`settings_id`))
ENGINE = MyISAM
AUTO_INCREMENT = 2
DEFAULT CHARACTER SET = utf8;

SHOW WARNINGS;
CREATE UNIQUE INDEX `settings_id_UNIQUE` ON `servicemobi_db`.`tta_settings` (`settings_id` ASC);

SHOW WARNINGS;

-- -----------------------------------------------------
-- Table `servicemobi_db`.`tta_emails`
-- -----------------------------------------------------
DROP TABLE IF EXISTS `servicemobi_db`.`tta_emails` ;

SHOW WARNINGS;
CREATE TABLE IF NOT EXISTS `servicemobi_db`.`tta_emails` (
  `email_id` BIGINT NOT NULL AUTO_INCREMENT,
  `customer_id` VARCHAR(45) NULL,
  `user_id` VARCHAR(45) NULL,
  `boundary_id` VARCHAR(45) NULL,
  `vehicle_id` VARCHAR(45) NULL,
  `invoice_id` VARCHAR(45) NULL,
  `alert_id` VARCHAR(45) NULL,
  `device_id` VARCHAR(45) NULL,
  `to` VARCHAR(512) NULL,
  `cc` VARCHAR(512) NULL,
  `bcc` VARCHAR(512) NULL,
  `attach_file_name` VARCHAR(512) NULL,
  `subject` VARCHAR(512) NULL,
  `body` TEXT NULL,
  `inserted_by` VARCHAR(45) NULL,
  `insert_date_time` DATETIME NULL,
  `email_status` VARCHAR(3) NULL,
  PRIMARY KEY (`email_id`))
ENGINE = MyISAM
AUTO_INCREMENT = 1
DEFAULT CHARACTER SET = utf8;

SHOW WARNINGS;

-- -----------------------------------------------------
-- Table `servicemobi_db`.`tta_location_request`
-- -----------------------------------------------------
DROP TABLE IF EXISTS `servicemobi_db`.`tta_location_request` ;

SHOW WARNINGS;
CREATE TABLE IF NOT EXISTS `servicemobi_db`.`tta_location_request` (
  `request_id` BIGINT NOT NULL AUTO_INCREMENT,
  `insert_date_time` DATETIME NULL,
  `request` VARCHAR(512) NULL,
  PRIMARY KEY (`request_id`))
ENGINE = MyISAM
AUTO_INCREMENT = 1
DEFAULT CHARACTER SET = utf8;

SHOW WARNINGS;
CREATE UNIQUE INDEX `request_id_UNIQUE` ON `servicemobi_db`.`tta_location_request` (`request_id` ASC);

SHOW WARNINGS;

-- -----------------------------------------------------
-- Table `servicemobi_db`.`tta_triggered_alert`
-- -----------------------------------------------------
DROP TABLE IF EXISTS `servicemobi_db`.`tta_triggered_alert` ;

SHOW WARNINGS;
CREATE TABLE IF NOT EXISTS `servicemobi_db`.`tta_triggered_alert` (
  `triggered_alert_id` BIGINT NOT NULL AUTO_INCREMENT,
  `customer_id` BIGINT(20) NOT NULL,
  `vehicle_id` BIGINT(60) NOT NULL,
  `device_id` BIGINT(60) NOT NULL,
  `boundary_id` BIGINT(20) NOT NULL,
  `alert_id` BIGINT(20) NOT NULL,
  `message` VARCHAR(2048) NULL,
  `insert_date_time` DATETIME NULL,
  PRIMARY KEY (`triggered_alert_id`, `customer_id`, `vehicle_id`, `device_id`, `boundary_id`, `alert_id`))
ENGINE = MyISAM
AUTO_INCREMENT = 1
DEFAULT CHARACTER SET = utf8;

SHOW WARNINGS;
CREATE UNIQUE INDEX `triggered_alert_id_UNIQUE` ON `servicemobi_db`.`tta_triggered_alert` (`triggered_alert_id` ASC);

SHOW WARNINGS;
CREATE INDEX `fk_tta_triggered_alert_tta_alerts1_idx` ON `servicemobi_db`.`tta_triggered_alert` (`alert_id` ASC, `boundary_id` ASC, `customer_id` ASC, `vehicle_id` ASC, `device_id` ASC);

SHOW WARNINGS;

-- -----------------------------------------------------
-- Table `servicemobi_db`.`tta_cron`
-- -----------------------------------------------------
DROP TABLE IF EXISTS `servicemobi_db`.`tta_cron` ;

SHOW WARNINGS;
CREATE TABLE IF NOT EXISTS `servicemobi_db`.`tta_cron` (
  `cron_id` BIGINT NOT NULL AUTO_INCREMENT,
  `cron_name` VARCHAR(256) NULL,
  `insert_date_time` DATETIME NULL,
  PRIMARY KEY (`cron_id`))
ENGINE = MyISAM
AUTO_INCREMENT = 1
DEFAULT CHARACTER SET = utf8;

SHOW WARNINGS;
CREATE UNIQUE INDEX `cron_id_UNIQUE` ON `servicemobi_db`.`tta_cron` (`cron_id` ASC);

SHOW WARNINGS;

-- -----------------------------------------------------
-- Table `servicemobi_db`.`tta_campaign`
-- -----------------------------------------------------
DROP TABLE IF EXISTS `servicemobi_db`.`tta_campaign` ;

SHOW WARNINGS;
CREATE TABLE IF NOT EXISTS `servicemobi_db`.`tta_campaign` (
  `campaign_id` BIGINT NOT NULL AUTO_INCREMENT,
  `promo_code` VARCHAR(45) NULL,
  `campaign_name` VARCHAR(128) NULL,
  `description` TEXT NULL,
  `start_date` DATE NULL,
  `end_date` DATE NULL,
  `insert_date_time` DATETIME NULL,
  `inserted_by` VARCHAR(45) NULL,
  `update_date_time` DATETIME NULL,
  `udpated_by` VARCHAR(45) NULL,
  `status` VARCHAR(3) NULL,
  PRIMARY KEY (`campaign_id`))
ENGINE = MyISAM
AUTO_INCREMENT = 2
DEFAULT CHARACTER SET = utf8;

SHOW WARNINGS;
CREATE UNIQUE INDEX `campaign_id_UNIQUE` ON `servicemobi_db`.`tta_campaign` (`campaign_id` ASC);

SHOW WARNINGS;

-- -----------------------------------------------------
-- Table `servicemobi_db`.`tta_invoice_item`
-- -----------------------------------------------------
DROP TABLE IF EXISTS `servicemobi_db`.`tta_invoice_item` ;

SHOW WARNINGS;
CREATE TABLE IF NOT EXISTS `servicemobi_db`.`tta_invoice_item` (
  `invoice_item_id` INT NOT NULL AUTO_INCREMENT,
  `customer_id` BIGINT(20) NOT NULL,
  `invoice_id` BIGINT NOT NULL,
  `item_name` VARCHAR(256) NULL,
  `item_description` VARCHAR(2048) NULL,
  `qty` BIGINT NULL,
  `amount` BIGINT NULL,
  `total` BIGINT NULL,
  `insert_date_time` DATETIME NULL,
  `inserted_by` VARCHAR(45) NULL,
  `update_date_time` DATETIME NULL,
  `updated_by` VARCHAR(45) NULL,
  `status` VARCHAR(3) NULL,
  PRIMARY KEY (`invoice_item_id`, `customer_id`, `invoice_id`))
ENGINE = MyISAM
AUTO_INCREMENT = 1
DEFAULT CHARACTER SET = utf8;

SHOW WARNINGS;
CREATE UNIQUE INDEX `invoice_item_id_UNIQUE` ON `servicemobi_db`.`tta_invoice_item` (`invoice_item_id` ASC);

SHOW WARNINGS;
CREATE INDEX `fk_tta_invoice_item_tta_invoices1_idx` ON `servicemobi_db`.`tta_invoice_item` (`invoice_id` ASC, `customer_id` ASC);

SHOW WARNINGS;

-- -----------------------------------------------------
-- Table `servicemobi_db`.`tta_receive_sms`
-- -----------------------------------------------------
DROP TABLE IF EXISTS `servicemobi_db`.`tta_receive_sms` ;

SHOW WARNINGS;
CREATE TABLE IF NOT EXISTS `servicemobi_db`.`tta_receive_sms` (
  `receive_sms_id` BIGINT NOT NULL AUTO_INCREMENT,
  `from_number` VARCHAR(45) NULL,
  `message` VARCHAR(256) NULL,
  `insert_date_time` DATETIME NULL,
  `inserted_by` VARCHAR(45) NULL,
  `update_date_time` DATETIME NULL,
  `updated_by` VARCHAR(45) NULL,
  `status` VARCHAR(3) NULL,
  PRIMARY KEY (`receive_sms_id`))
ENGINE = MyISAM
DEFAULT CHARACTER SET = utf8;

SHOW WARNINGS;
CREATE UNIQUE INDEX `receive_sms_id_UNIQUE` ON `servicemobi_db`.`tta_receive_sms` (`receive_sms_id` ASC);

SHOW WARNINGS;

-- -----------------------------------------------------
-- Table `servicemobi_db`.`tta_lead`
-- -----------------------------------------------------
DROP TABLE IF EXISTS `servicemobi_db`.`tta_lead` ;

SHOW WARNINGS;
CREATE TABLE IF NOT EXISTS `servicemobi_db`.`tta_lead` (
  `lead_id` BIGINT NOT NULL AUTO_INCREMENT,
  `user_id` BIGINT(20) NOT NULL,
  `customer_name` VARCHAR(256) NULL,
  `customer_address` VARCHAR(512) NULL,
  `customer_primary_email` VARCHAR(512) NULL,
  `customer_primary_phone` VARCHAR(45) NULL,
  `customer_secondary_phone` VARCHAR(45) NULL,
  `customer_cost_per_device` INT NULL,
  `customer_cost_per_vehicle` INT NULL,
  `insert_date_time` DATETIME NULL,
  `inserted_by` VARCHAR(45) NULL,
  `update_date_time` DATETIME NULL,
  `updated_by` VARCHAR(45) NULL,
  `status` VARCHAR(3) NULL,
  PRIMARY KEY (`lead_id`, `user_id`))
ENGINE = MyISAM
AUTO_INCREMENT = 1
DEFAULT CHARACTER SET = utf8;

SHOW WARNINGS;
CREATE UNIQUE INDEX `lead_id_UNIQUE` ON `servicemobi_db`.`tta_lead` (`lead_id` ASC);

SHOW WARNINGS;
CREATE INDEX `fk_tta_lead_tta_users1_idx` ON `servicemobi_db`.`tta_lead` (`user_id` ASC);

SHOW WARNINGS;

-- -----------------------------------------------------
-- Table `servicemobi_db`.`tta_lead_followup`
-- -----------------------------------------------------
DROP TABLE IF EXISTS `servicemobi_db`.`tta_lead_followup` ;

SHOW WARNINGS;
CREATE TABLE IF NOT EXISTS `servicemobi_db`.`tta_lead_followup` (
  `lead_followup_id` BIGINT NOT NULL AUTO_INCREMENT,
  `followup_date` DATE NULL,
  `followup_time` TIME NULL,
  `followup_title` VARCHAR(256) NULL,
  `followup_description` TEXT NULL,
  `followup_priority` VARCHAR(3) NULL,
  PRIMARY KEY (`lead_followup_id`))
ENGINE = MyISAM
DEFAULT CHARACTER SET = utf8;

SHOW WARNINGS;
CREATE UNIQUE INDEX `lead_followup_id_UNIQUE` ON `servicemobi_db`.`tta_lead_followup` (`lead_followup_id` ASC);

SHOW WARNINGS;

-- -----------------------------------------------------
-- Table `servicemobi_db`.`tta_followup`
-- -----------------------------------------------------
DROP TABLE IF EXISTS `servicemobi_db`.`tta_followup` ;

SHOW WARNINGS;
CREATE TABLE IF NOT EXISTS `servicemobi_db`.`tta_followup` (
  `followup_id` BIGINT NOT NULL AUTO_INCREMENT,
  `customer_id` BIGINT(20) NOT NULL,
  `followup_for` VARCHAR(45) NULL,
  `followup_date` DATE NULL,
  `followup_from_time` TIME NULL,
  `followup_to_time` TIME NULL,
  `followup_title` VARCHAR(256) NULL,
  `followup_description` TEXT NULL,
  `followup_priority` VARCHAR(3) NULL,
  `followup_status` VARCHAR(3) NULL,
  `insert_date_time` DATETIME NULL,
  `inserted_by` VARCHAR(45) NULL,
  `update_date_time` DATETIME NULL,
  `updated_by` VARCHAR(45) NULL,
  `status` VARCHAR(3) NULL,
  PRIMARY KEY (`followup_id`, `customer_id`))
ENGINE = MyISAM
AUTO_INCREMENT = 1
DEFAULT CHARACTER SET = utf8;

SHOW WARNINGS;
CREATE UNIQUE INDEX `followup_id_UNIQUE` ON `servicemobi_db`.`tta_followup` (`followup_id` ASC);

SHOW WARNINGS;
CREATE INDEX `fk_tta_followup_tta_users1_idx` ON `servicemobi_db`.`tta_followup` (`customer_id` ASC);

SHOW WARNINGS;

-- -----------------------------------------------------
-- Table `servicemobi_db`.`tta_attendance`
-- -----------------------------------------------------
DROP TABLE IF EXISTS `servicemobi_db`.`tta_attendance` ;

SHOW WARNINGS;
CREATE TABLE IF NOT EXISTS `servicemobi_db`.`tta_attendance` (
  `attendance_id` BIGINT NOT NULL AUTO_INCREMENT,
  `user_id` BIGINT(20) NOT NULL,
  `customer_id` BIGINT(20) NOT NULL,
  `attendance_date` DATE NULL,
  `attendance_in_time` TIME NULL,
  `attendance_out_time` TIME NULL,
  `attendance_total_time` VARCHAR(45) NULL,
  `insert_date_time` DATETIME NULL,
  `inserted_by` VARCHAR(45) NULL,
  `update_date_time` DATETIME NULL,
  `updated_by` VARCHAR(3) NULL,
  `status` VARCHAR(3) NULL,
  PRIMARY KEY (`attendance_id`, `user_id`, `customer_id`))
ENGINE = MyISAM
AUTO_INCREMENT = 1
DEFAULT CHARACTER SET = utf8;

SHOW WARNINGS;
CREATE UNIQUE INDEX `attendance_id_UNIQUE` ON `servicemobi_db`.`tta_attendance` (`attendance_id` ASC);

SHOW WARNINGS;
CREATE INDEX `fk_tta_attendance_tta_users1_idx` ON `servicemobi_db`.`tta_attendance` (`user_id` ASC, `customer_id` ASC);

SHOW WARNINGS;

-- -----------------------------------------------------
-- Table `servicemobi_db`.`tta_work`
-- -----------------------------------------------------
DROP TABLE IF EXISTS `servicemobi_db`.`tta_work` ;

SHOW WARNINGS;
CREATE TABLE IF NOT EXISTS `servicemobi_db`.`tta_work` (
  `work_id` BIGINT NOT NULL AUTO_INCREMENT,
  `user_type_id` BIGINT(20) NOT NULL,
  `user_id` BIGINT(20) NOT NULL,
  `work_date` DATE NOT NULL,
  `due_date` DATE NOT NULL,
  `work_month` VARCHAR(2) NULL,
  `description` TEXT NULL,
  `work_status` VARCHAR(3) NULL COMMENT 'Pending = 1\nCompleted = 2\nArchived = 3',
  `insert_date_time` DATETIME NULL,
  `inserted_by` VARCHAR(45) NULL,
  `update_date_time` DATETIME NULL,
  `updated_by` VARCHAR(45) NULL,
  `status` VARCHAR(3) NULL,
  PRIMARY KEY (`work_id`, `user_type_id`, `user_id`))
ENGINE = MyISAM
AUTO_INCREMENT = 1
DEFAULT CHARACTER SET = utf8;

SHOW WARNINGS;
CREATE UNIQUE INDEX `work_id_UNIQUE` ON `servicemobi_db`.`tta_work` (`work_id` ASC);

SHOW WARNINGS;
CREATE INDEX `fk_tta_work_tta_users1_idx` ON `servicemobi_db`.`tta_work` (`user_id` ASC, `user_type_id` ASC);

SHOW WARNINGS;

-- -----------------------------------------------------
-- Table `servicemobi_db`.`tta_vendor_has_customers`
-- -----------------------------------------------------
DROP TABLE IF EXISTS `servicemobi_db`.`tta_vendor_has_customers` ;

SHOW WARNINGS;
CREATE TABLE IF NOT EXISTS `servicemobi_db`.`tta_vendor_has_customers` (
  `vendor_has_customer_id` BIGINT NOT NULL AUTO_INCREMENT,
  `customer_id` BIGINT(20) NOT NULL,
  `group_customer_id` BIGINT NULL,
  `insert_date_time` DATETIME NULL,
  `inserted_by` VARCHAR(45) NULL,
  `update_date_time` DATETIME NULL,
  `updated_by` VARCHAR(45) NULL,
  `status` VARCHAR(3) NULL,
  PRIMARY KEY (`vendor_has_customer_id`, `customer_id`))
ENGINE = MyISAM
AUTO_INCREMENT = 2
DEFAULT CHARACTER SET = utf8;

SHOW WARNINGS;
CREATE UNIQUE INDEX `vendor_has_customer_id_UNIQUE` ON `servicemobi_db`.`tta_vendor_has_customers` (`vendor_has_customer_id` ASC);

SHOW WARNINGS;
CREATE INDEX `fk_tta_vendor_has_customers_tta_customers1_idx` ON `servicemobi_db`.`tta_vendor_has_customers` (`customer_id` ASC);

SHOW WARNINGS;

-- -----------------------------------------------------
-- Table `servicemobi_db`.`tta_position`
-- -----------------------------------------------------
DROP TABLE IF EXISTS `servicemobi_db`.`tta_position` ;

SHOW WARNINGS;
CREATE TABLE IF NOT EXISTS `servicemobi_db`.`tta_position` (
  `position_id` BIGINT NOT NULL AUTO_INCREMENT,
  `device_id` BIGINT(60) NOT NULL,
  `device_imei` VARCHAR(45) NULL,
  `server_time` TIMESTAMP NULL DEFAULT CURRENT_TIMESTAMP ON UPDATE CURRENT_TIMESTAMP,
  `device_time` TIMESTAMP NULL,
  `lat` DOUBLE NULL,
  `lng` DOUBLE NULL,
  `distance` DOUBLE NULL,
  `speed` FLOAT NULL,
  `engine_status` TINYINT NULL,
  `course` FLOAT NULL,
  `address` VARCHAR(512) NULL,
  `attributes` VARCHAR(4000) NULL,
  PRIMARY KEY (`position_id`, `device_id`))
ENGINE = MyISAM
AUTO_INCREMENT = 1
DEFAULT CHARACTER SET = utf8;

SHOW WARNINGS;
CREATE UNIQUE INDEX `position_id_UNIQUE` ON `servicemobi_db`.`tta_position` (`position_id` ASC);

SHOW WARNINGS;
CREATE INDEX `fk_tta_position_tta_devices1_idx` ON `servicemobi_db`.`tta_position` (`device_id` ASC);

SHOW WARNINGS;

-- -----------------------------------------------------
-- Table `servicemobi_db`.`tta_fence`
-- -----------------------------------------------------
DROP TABLE IF EXISTS `servicemobi_db`.`tta_fence` ;

SHOW WARNINGS;
CREATE TABLE IF NOT EXISTS `servicemobi_db`.`tta_fence` (
  `fence_id` BIGINT NOT NULL AUTO_INCREMENT,
  `customer_id` BIGINT(20) NOT NULL,
  `device_id` BIGINT(60) NOT NULL,
  `name` VARCHAR(45) NULL,
  `lat` DOUBLE NULL,
  `lng` DOUBLE NULL,
  PRIMARY KEY (`fence_id`, `customer_id`, `device_id`))
ENGINE = MyISAM
AUTO_INCREMENT = 1
DEFAULT CHARACTER SET = utf8;

SHOW WARNINGS;
CREATE UNIQUE INDEX `fence_id_UNIQUE` ON `servicemobi_db`.`tta_fence` (`fence_id` ASC);

SHOW WARNINGS;
CREATE INDEX `fk_tta_fence_tta_customers1_idx` ON `servicemobi_db`.`tta_fence` (`customer_id` ASC);

SHOW WARNINGS;
CREATE INDEX `fk_tta_fence_tta_devices1_idx` ON `servicemobi_db`.`tta_fence` (`device_id` ASC);

SHOW WARNINGS;

-- -----------------------------------------------------
-- Table `servicemobi_db`.`tta_discounts`
-- -----------------------------------------------------
DROP TABLE IF EXISTS `servicemobi_db`.`tta_discounts` ;

SHOW WARNINGS;
CREATE TABLE IF NOT EXISTS `servicemobi_db`.`tta_discounts` (
  `discount_id` BIGINT NOT NULL AUTO_INCREMENT,
  `discount_name` VARCHAR(128) NULL,
  `discount_amount` VARCHAR(45) NULL,
  `discount_percentage` VARCHAR(45) NULL,
  `discount_type` VARCHAR(3) NULL,
  `insert_date_time` DATETIME NOT NULL,
  `inserted_by` VARCHAR(45) NULL,
  `update_date_time` DATETIME NOT NULL,
  `updated_by` VARCHAR(45) NULL,
  `status` VARCHAR(3) NULL,
  PRIMARY KEY (`discount_id`))
ENGINE = MyISAM
AUTO_INCREMENT = 1
DEFAULT CHARACTER SET = utf8;

SHOW WARNINGS;
CREATE UNIQUE INDEX `discount_id_UNIQUE` ON `servicemobi_db`.`tta_discounts` (`discount_id` ASC);

SHOW WARNINGS;

-- -----------------------------------------------------
-- Table `servicemobi_db`.`tta_company`
-- -----------------------------------------------------
DROP TABLE IF EXISTS `servicemobi_db`.`tta_company` ;

SHOW WARNINGS;
CREATE TABLE IF NOT EXISTS `servicemobi_db`.`tta_company` (
  `company_id` INT NOT NULL AUTO_INCREMENT,
  `company_name` VARCHAR(128) NULL,
  `footer1_title` VARCHAR(256) NULL,
  `footer1_body` VARCHAR(1024) NULL,
  `footer2_title` VARCHAR(256) NULL,
  `footer2_body` VARCHAR(1024) NULL,
  `footer3` VARCHAR(512) NULL,
  `footer4` VARCHAR(512) NULL,
  `insert_date_time` DATETIME NULL,
  `inserted_by` VARCHAR(45) NULL,
  `update_date_time` DATETIME NULL,
  `updated_by` VARCHAR(45) NULL,
  `status` VARCHAR(3) NULL,
  PRIMARY KEY (`company_id`))
ENGINE = MyISAM
AUTO_INCREMENT = 2
DEFAULT CHARACTER SET = utf8;

SHOW WARNINGS;
CREATE UNIQUE INDEX `company_id_UNIQUE` ON `servicemobi_db`.`tta_company` (`company_id` ASC);

SHOW WARNINGS;

-- -----------------------------------------------------
-- Table `servicemobi_db`.`tta_expence`
-- -----------------------------------------------------
DROP TABLE IF EXISTS `servicemobi_db`.`tta_expence` ;

SHOW WARNINGS;
CREATE TABLE IF NOT EXISTS `servicemobi_db`.`tta_expence` (
  `expence_id` BIGINT NOT NULL AUTO_INCREMENT,
  `expence_name` VARCHAR(128) NULL,
  `amount` DOUBLE NULL,
  `expence_date` DATE NULL,
  `insert_date_time` DATETIME NOT NULL,
  `inserted_by` VARCHAR(45) NULL,
  `update_date_time` DATETIME NOT NULL,
  `updated_by` VARCHAR(45) NULL,
  `status` VARCHAR(3) NULL,
  PRIMARY KEY (`expence_id`))
ENGINE = MyISAM
DEFAULT CHARACTER SET = utf8;

SHOW WARNINGS;
CREATE UNIQUE INDEX `expence_id_UNIQUE` ON `servicemobi_db`.`tta_expence` (`expence_id` ASC);

SHOW WARNINGS;

-- -----------------------------------------------------
-- Table `servicemobi_db`.`payment_type`
-- -----------------------------------------------------
DROP TABLE IF EXISTS `servicemobi_db`.`payment_type` ;

SHOW WARNINGS;
CREATE TABLE IF NOT EXISTS `servicemobi_db`.`payment_type` (
  `payment_type` INT NOT NULL AUTO_INCREMENT,
  `payment_type_name` VARCHAR(128) NULL,
  `status` VARCHAR(3) NULL,
  PRIMARY KEY (`payment_type`))
ENGINE = MyISAM
AUTO_INCREMENT = 5
DEFAULT CHARACTER SET = utf8;

SHOW WARNINGS;
CREATE UNIQUE INDEX `payment_type_UNIQUE` ON `servicemobi_db`.`payment_type` (`payment_type` ASC);

SHOW WARNINGS;

-- -----------------------------------------------------
-- Table `servicemobi_db`.`tta_payments`
-- -----------------------------------------------------
DROP TABLE IF EXISTS `servicemobi_db`.`tta_payments` ;

SHOW WARNINGS;
CREATE TABLE IF NOT EXISTS `servicemobi_db`.`tta_payments` (
  `payment_id` BIGINT NOT NULL AUTO_INCREMENT,
  `invoice_id` BIGINT NOT NULL,
  `customer_id` BIGINT(20) NOT NULL,
  `payment_type` INT NOT NULL,
  `payment_description` VARCHAR(512) NULL,
  `payment_date` DATE NOT NULL,
  `received_by` VARCHAR(128) NULL,
  `insert_date_time` DATETIME NOT NULL,
  `inserted_by` VARCHAR(45) NULL,
  `update_date_time` DATETIME NOT NULL,
  `updated_by` VARCHAR(45) NULL,
  `status` VARCHAR(3) NULL,
  PRIMARY KEY (`payment_id`, `invoice_id`, `customer_id`, `payment_type`))
ENGINE = MyISAM
AUTO_INCREMENT = 1
DEFAULT CHARACTER SET = utf8;

SHOW WARNINGS;
CREATE UNIQUE INDEX `payment_id_UNIQUE` ON `servicemobi_db`.`tta_payments` (`payment_id` ASC);

SHOW WARNINGS;
CREATE INDEX `fk_tta_payments_payment_type1_idx` ON `servicemobi_db`.`tta_payments` (`payment_type` ASC);

SHOW WARNINGS;
CREATE INDEX `fk_tta_payments_tta_invoices1_idx` ON `servicemobi_db`.`tta_payments` (`invoice_id` ASC, `customer_id` ASC);

SHOW WARNINGS;

-- -----------------------------------------------------
-- Table `servicemobi_db`.`tta_iot`
-- -----------------------------------------------------
DROP TABLE IF EXISTS `servicemobi_db`.`tta_iot` ;

SHOW WARNINGS;
CREATE TABLE IF NOT EXISTS `servicemobi_db`.`tta_iot` (
  `iot_id` BIGINT NOT NULL AUTO_INCREMENT,
  `device_id` BIGINT(60) NOT NULL,
  `temperature` VARCHAR(45) NULL,
  `humidity` VARCHAR(45) NULL,
  `device_status` VARCHAR(3) NULL,
  `server_time` DATETIME NOT NULL,
  `status` VARCHAR(3) NULL,
  PRIMARY KEY (`iot_id`, `device_id`))
ENGINE = MyISAM
AUTO_INCREMENT = 1
DEFAULT CHARACTER SET = utf8;

SHOW WARNINGS;
CREATE UNIQUE INDEX `iot_id_UNIQUE` ON `servicemobi_db`.`tta_iot` (`iot_id` ASC);

SHOW WARNINGS;
CREATE INDEX `fk_tta_iot_tta_devices1_idx` ON `servicemobi_db`.`tta_iot` (`device_id` ASC);

SHOW WARNINGS;

-- -----------------------------------------------------
-- Table `servicemobi_db`.`tta_other_devices`
-- -----------------------------------------------------
DROP TABLE IF EXISTS `servicemobi_db`.`tta_other_devices` ;

SHOW WARNINGS;
CREATE TABLE IF NOT EXISTS `servicemobi_db`.`tta_other_devices` (
  `other_device_id` BIGINT NOT NULL AUTO_INCREMENT,
  `vehicle_id` BIGINT(60) NOT NULL,
  `customer_id` BIGINT(20) NOT NULL,
  PRIMARY KEY (`other_device_id`, `vehicle_id`, `customer_id`))
ENGINE = MyISAM
DEFAULT CHARACTER SET = utf8;

SHOW WARNINGS;
CREATE UNIQUE INDEX `other_device_id_UNIQUE` ON `servicemobi_db`.`tta_other_devices` (`other_device_id` ASC);

SHOW WARNINGS;
CREATE INDEX `fk_tta_other_devices_tta_vehicles1_idx` ON `servicemobi_db`.`tta_other_devices` (`vehicle_id` ASC, `customer_id` ASC);

SHOW WARNINGS;

-- -----------------------------------------------------
-- Table `servicemobi_db`.`tta_firebase`
-- -----------------------------------------------------
DROP TABLE IF EXISTS `servicemobi_db`.`tta_firebase` ;

SHOW WARNINGS;
CREATE TABLE IF NOT EXISTS `servicemobi_db`.`tta_firebase` (
  `firebase_id` BIGINT NOT NULL AUTO_INCREMENT,
  `token` VARCHAR(100) NULL,
  PRIMARY KEY (`firebase_id`))
ENGINE = MyISAM
DEFAULT CHARACTER SET = utf8;

SHOW WARNINGS;
CREATE UNIQUE INDEX `firebase_id_UNIQUE` ON `servicemobi_db`.`tta_firebase` (`firebase_id` ASC);

SHOW WARNINGS;
CREATE UNIQUE INDEX `token_UNIQUE` ON `servicemobi_db`.`tta_firebase` (`token` ASC);

SHOW WARNINGS;

-- -----------------------------------------------------
-- Table `servicemobi_db`.`tta_industry`
-- -----------------------------------------------------
DROP TABLE IF EXISTS `servicemobi_db`.`tta_industry` ;

SHOW WARNINGS;
CREATE TABLE IF NOT EXISTS `servicemobi_db`.`tta_industry` (
  `industry_id` INT NOT NULL AUTO_INCREMENT,
  `industry_sort` VARCHAR(45) NULL,
  `industry_name` VARCHAR(128) NULL,
  `description` TEXT NULL,
  `insert_date_time` DATETIME NOT NULL,
  `inserted_by` VARCHAR(45) NULL,
  `update_date_time` DATETIME NOT NULL,
  `updated_by` VARCHAR(45) NULL,
  `status` VARCHAR(3) NULL,
  PRIMARY KEY (`industry_id`))
ENGINE = MyISAM
AUTO_INCREMENT = 1
DEFAULT CHARACTER SET = utf8;

SHOW WARNINGS;
CREATE UNIQUE INDEX `industry_id_UNIQUE` ON `servicemobi_db`.`tta_industry` (`industry_id` ASC);

SHOW WARNINGS;

-- -----------------------------------------------------
-- Table `servicemobi_db`.`tta_brand`
-- -----------------------------------------------------
DROP TABLE IF EXISTS `servicemobi_db`.`tta_brand` ;

SHOW WARNINGS;
CREATE TABLE IF NOT EXISTS `servicemobi_db`.`tta_brand` (
  `brand_id` BIGINT NOT NULL AUTO_INCREMENT,
  `brand_name` VARCHAR(128) NULL,
  `insert_date_time` DATETIME NOT NULL,
  `inserted_by` VARCHAR(3) NULL,
  `update_date_time` DATETIME NOT NULL,
  `updated_by` VARCHAR(3) NULL,
  `status` VARCHAR(3) NULL,
  PRIMARY KEY (`brand_id`))
ENGINE = MyISAM
AUTO_INCREMENT = 3
DEFAULT CHARACTER SET = utf8;

SHOW WARNINGS;
CREATE UNIQUE INDEX `brand_id_UNIQUE` ON `servicemobi_db`.`tta_brand` (`brand_id` ASC);

SHOW WARNINGS;

-- -----------------------------------------------------
-- Table `servicemobi_db`.`tta_item_category`
-- -----------------------------------------------------
DROP TABLE IF EXISTS `servicemobi_db`.`tta_item_category` ;

SHOW WARNINGS;
CREATE TABLE IF NOT EXISTS `servicemobi_db`.`tta_item_category` (
  `item_category_id` BIGINT NOT NULL AUTO_INCREMENT,
  `category_name` VARCHAR(128) NULL,
  `insert_date_time` DATETIME NOT NULL,
  `inserted_by` VARCHAR(45) NULL,
  `update_date_time` DATETIME NOT NULL,
  `updated_by` VARCHAR(45) NULL,
  `status` VARCHAR(3) NULL,
  PRIMARY KEY (`item_category_id`))
ENGINE = MyISAM
AUTO_INCREMENT = 1
DEFAULT CHARACTER SET = utf8;

SHOW WARNINGS;
CREATE UNIQUE INDEX `item_category_id_UNIQUE` ON `servicemobi_db`.`tta_item_category` (`item_category_id` ASC);

SHOW WARNINGS;

-- -----------------------------------------------------
-- Table `servicemobi_db`.`tta_item_sub_category`
-- -----------------------------------------------------
DROP TABLE IF EXISTS `servicemobi_db`.`tta_item_sub_category` ;

SHOW WARNINGS;
CREATE TABLE IF NOT EXISTS `servicemobi_db`.`tta_item_sub_category` (
  `item_sub_category_id` BIGINT NOT NULL AUTO_INCREMENT,
  `item_category_id` BIGINT NOT NULL,
  `item_sub_category_name` VARCHAR(128) NULL,
  `insert_date_time` DATETIME NOT NULL,
  `inserted_by` VARCHAR(45) NULL,
  `update_date_time` DATETIME NOT NULL,
  `updated_by` VARCHAR(45) NULL,
  `status` VARCHAR(3) NULL,
  PRIMARY KEY (`item_sub_category_id`, `item_category_id`))
ENGINE = MyISAM
AUTO_INCREMENT = 1
DEFAULT CHARACTER SET = utf8;

SHOW WARNINGS;
CREATE UNIQUE INDEX `item_sub_category_id_UNIQUE` ON `servicemobi_db`.`tta_item_sub_category` (`item_sub_category_id` ASC);

SHOW WARNINGS;
CREATE INDEX `fk_tta_item_sub_category_tta_item_category1_idx` ON `servicemobi_db`.`tta_item_sub_category` (`item_category_id` ASC);

SHOW WARNINGS;

-- -----------------------------------------------------
-- Table `servicemobi_db`.`tta_transaction_category`
-- -----------------------------------------------------
DROP TABLE IF EXISTS `servicemobi_db`.`tta_transaction_category` ;

SHOW WARNINGS;
CREATE TABLE IF NOT EXISTS `servicemobi_db`.`tta_transaction_category` (
  `transaction_category_id` BIGINT NOT NULL AUTO_INCREMENT,
  `customer_id` BIGINT(20) NOT NULL,
  `category_name` VARCHAR(128) NULL,
  `insert_date_time` DATETIME NOT NULL,
  `inserted_by` VARCHAR(45) NULL,
  `update_date_time` DATETIME NOT NULL,
  `updated_by` VARCHAR(45) NULL,
  `status` VARCHAR(3) NULL,
  PRIMARY KEY (`transaction_category_id`, `customer_id`))
ENGINE = MyISAM
DEFAULT CHARACTER SET = utf8;

SHOW WARNINGS;
CREATE UNIQUE INDEX `transaction_category_id_UNIQUE` ON `servicemobi_db`.`tta_transaction_category` (`transaction_category_id` ASC);

SHOW WARNINGS;
CREATE INDEX `fk_tta_transaction_category_tta_customers1_idx` ON `servicemobi_db`.`tta_transaction_category` (`customer_id` ASC);

SHOW WARNINGS;

-- -----------------------------------------------------
-- Table `servicemobi_db`.`tta_transaction`
-- -----------------------------------------------------
DROP TABLE IF EXISTS `servicemobi_db`.`tta_transaction` ;

SHOW WARNINGS;
CREATE TABLE IF NOT EXISTS `servicemobi_db`.`tta_transaction` (
  `transaction_id` BIGINT NOT NULL AUTO_INCREMENT,
  `customer_id` BIGINT(20) NOT NULL,
  `transaction_category_id` BIGINT NOT NULL,
  `transaction_type` VARCHAR(3) NULL,
  `transaction_name` VARCHAR(256) NULL,
  `amount` DOUBLE NULL,
  `description` TEXT NULL,
  `transaction_date` DATE NULL,
  `insert_date_time` DATETIME NOT NULL,
  `inserted_by` VARCHAR(45) NULL,
  `update_date_time` DATETIME NOT NULL,
  `updated_by` VARCHAR(45) NULL,
  `status` VARCHAR(3) NULL,
  PRIMARY KEY (`transaction_id`, `customer_id`, `transaction_category_id`))
ENGINE = MyISAM
DEFAULT CHARACTER SET = utf8;

SHOW WARNINGS;
CREATE UNIQUE INDEX `transaction_id_UNIQUE` ON `servicemobi_db`.`tta_transaction` (`transaction_id` ASC);

SHOW WARNINGS;
CREATE INDEX `fk_tta_transaction_tta_transaction_category1_idx` ON `servicemobi_db`.`tta_transaction` (`transaction_category_id` ASC, `customer_id` ASC);

SHOW WARNINGS;

-- -----------------------------------------------------
-- Table `servicemobi_db`.`tta_catalog`
-- -----------------------------------------------------
DROP TABLE IF EXISTS `servicemobi_db`.`tta_catalog` ;

SHOW WARNINGS;
CREATE TABLE IF NOT EXISTS `servicemobi_db`.`tta_catalog` (
  `catalog_id` BIGINT NOT NULL AUTO_INCREMENT,
  `catalog_type` VARCHAR(3) NULL COMMENT '1=Customer 2=Retailer',
  `catalog_name` VARCHAR(256) NULL,
  `description` TEXT NULL,
  `insert_date_time` DATETIME NOT NULL,
  `inserted_by` VARCHAR(45) NULL,
  `update_date_time` DATETIME NOT NULL,
  `updated_by` VARCHAR(45) NULL,
  `status` VARCHAR(3) NULL,
  PRIMARY KEY (`catalog_id`))
ENGINE = MyISAM
AUTO_INCREMENT = 1
DEFAULT CHARACTER SET = utf8;

SHOW WARNINGS;
CREATE UNIQUE INDEX `catalog_id_UNIQUE` ON `servicemobi_db`.`tta_catalog` (`catalog_id` ASC);

SHOW WARNINGS;

-- -----------------------------------------------------
-- Table `servicemobi_db`.`tta_catalog_page`
-- -----------------------------------------------------
DROP TABLE IF EXISTS `servicemobi_db`.`tta_catalog_page` ;

SHOW WARNINGS;
CREATE TABLE IF NOT EXISTS `servicemobi_db`.`tta_catalog_page` (
  `catalog_page_id` BIGINT NOT NULL AUTO_INCREMENT,
  `catalog_id` BIGINT NOT NULL,
  `page_name` VARCHAR(128) NULL,
  `insert_date_time` DATETIME NOT NULL,
  `inserted_by` VARCHAR(45) NULL,
  `update_date_time` DATETIME NOT NULL,
  `updated_by` VARCHAR(45) NULL,
  `status` VARCHAR(3) NULL,
  PRIMARY KEY (`catalog_page_id`, `catalog_id`))
ENGINE = MyISAM
AUTO_INCREMENT = 1
DEFAULT CHARACTER SET = utf8;

SHOW WARNINGS;
CREATE UNIQUE INDEX `catalog_page_id_UNIQUE` ON `servicemobi_db`.`tta_catalog_page` (`catalog_page_id` ASC);

SHOW WARNINGS;
CREATE INDEX `fk_tta_catalog_page_tta_catalog1_idx` ON `servicemobi_db`.`tta_catalog_page` (`catalog_id` ASC);

SHOW WARNINGS;

-- -----------------------------------------------------
-- Table `servicemobi_db`.`tta_page_category`
-- -----------------------------------------------------
DROP TABLE IF EXISTS `servicemobi_db`.`tta_page_category` ;

SHOW WARNINGS;
CREATE TABLE IF NOT EXISTS `servicemobi_db`.`tta_page_category` (
  `page_category_id` BIGINT NOT NULL AUTO_INCREMENT,
  `catalog_id` BIGINT NOT NULL,
  `catalog_page_id` BIGINT NOT NULL,
  `item_category_id` BIGINT NOT NULL,
  `page_sort` VARCHAR(45) NULL,
  `category_title` VARCHAR(128) NULL,
  `description` TEXT NULL,
  `insert_date_time` DATETIME NOT NULL,
  `inserted_by` VARCHAR(45) NULL,
  `update_date_time` DATETIME NOT NULL,
  `updated_by` VARCHAR(45) NULL,
  `status` VARCHAR(3) NULL,
  PRIMARY KEY (`page_category_id`, `catalog_id`, `catalog_page_id`, `item_category_id`))
ENGINE = MyISAM
DEFAULT CHARACTER SET = utf8;

SHOW WARNINGS;
CREATE UNIQUE INDEX `page_category_id_UNIQUE` ON `servicemobi_db`.`tta_page_category` (`page_category_id` ASC);

SHOW WARNINGS;
CREATE INDEX `fk_tta_page_category_tta_catalog_page1_idx` ON `servicemobi_db`.`tta_page_category` (`catalog_page_id` ASC, `catalog_id` ASC);

SHOW WARNINGS;
CREATE INDEX `fk_tta_page_category_tta_item_category1_idx` ON `servicemobi_db`.`tta_page_category` (`item_category_id` ASC);

SHOW WARNINGS;

-- -----------------------------------------------------
-- Table `servicemobi_db`.`tta_category_item`
-- -----------------------------------------------------
DROP TABLE IF EXISTS `servicemobi_db`.`tta_category_item` ;

SHOW WARNINGS;
CREATE TABLE IF NOT EXISTS `servicemobi_db`.`tta_category_item` (
  `category_item_id` BIGINT NOT NULL AUTO_INCREMENT,
  `catalog_id` BIGINT NOT NULL,
  `catalog_page_id` BIGINT NOT NULL,
  `page_category_id` BIGINT NOT NULL,
  `item_id` BIGINT NOT NULL,
  `item_sort` VARCHAR(45) NULL,
  `item_title` VARCHAR(128) NULL,
  `item_description` TEXT NULL,
  `insert_date_time` DATETIME NOT NULL,
  `inserted_by` VARCHAR(45) NULL,
  `update_date_time` DATETIME NOT NULL,
  `updated_by` VARCHAR(45) NULL,
  `status` VARCHAR(3) NULL,
  PRIMARY KEY (`category_item_id`, `catalog_id`, `catalog_page_id`, `page_category_id`, `item_id`))
ENGINE = MyISAM
AUTO_INCREMENT = 1
DEFAULT CHARACTER SET = utf8;

SHOW WARNINGS;
CREATE UNIQUE INDEX `category_item_id_UNIQUE` ON `servicemobi_db`.`tta_category_item` (`category_item_id` ASC);

SHOW WARNINGS;
CREATE INDEX `fk_tta_category_item_tta_page_category1_idx` ON `servicemobi_db`.`tta_category_item` (`page_category_id` ASC, `catalog_id` ASC, `catalog_page_id` ASC);

SHOW WARNINGS;
CREATE INDEX `fk_tta_category_item_tta_item1_idx` ON `servicemobi_db`.`tta_category_item` (`item_id` ASC);

SHOW WARNINGS;

-- -----------------------------------------------------
-- Table `servicemobi_db`.`tta_recent_customers`
-- -----------------------------------------------------
DROP TABLE IF EXISTS `servicemobi_db`.`tta_recent_customers` ;

SHOW WARNINGS;
CREATE TABLE IF NOT EXISTS `servicemobi_db`.`tta_recent_customers` (
  `recent_customer_id` BIGINT NOT NULL AUTO_INCREMENT,
  `user_id` BIGINT(20) NOT NULL,
  `customer_id` BIGINT(20) NOT NULL,
  `insert_date` DATE NULL,
  `insert_time` TIME NULL,
  `status` VARCHAR(3) NULL,
  PRIMARY KEY (`recent_customer_id`, `user_id`, `customer_id`))
ENGINE = MyISAM
AUTO_INCREMENT = 1
DEFAULT CHARACTER SET = utf8;

SHOW WARNINGS;
CREATE UNIQUE INDEX `recent_customer_id_UNIQUE` ON `servicemobi_db`.`tta_recent_customers` (`recent_customer_id` ASC);

SHOW WARNINGS;
CREATE INDEX `fk_tta_recent_customers_tta_users1_idx` ON `servicemobi_db`.`tta_recent_customers` (`user_id` ASC, `customer_id` ASC);

SHOW WARNINGS;

SET SQL_MODE=@OLD_SQL_MODE;
SET FOREIGN_KEY_CHECKS=@OLD_FOREIGN_KEY_CHECKS;
SET UNIQUE_CHECKS=@OLD_UNIQUE_CHECKS;

-- -----------------------------------------------------
-- Data for table `servicemobi_db`.`tta_user_types`
-- -----------------------------------------------------
START TRANSACTION;
USE `servicemobi_db`;
INSERT INTO `servicemobi_db`.`tta_user_types` (`user_type_id`, `type_name`) VALUES (101, 'Customer');
INSERT INTO `servicemobi_db`.`tta_user_types` (`user_type_id`, `type_name`) VALUES (102, 'Sales');
INSERT INTO `servicemobi_db`.`tta_user_types` (`user_type_id`, `type_name`) VALUES (103, 'Billing');
INSERT INTO `servicemobi_db`.`tta_user_types` (`user_type_id`, `type_name`) VALUES (104, 'Support');
INSERT INTO `servicemobi_db`.`tta_user_types` (`user_type_id`, `type_name`) VALUES (105, 'Power User');
INSERT INTO `servicemobi_db`.`tta_user_types` (`user_type_id`, `type_name`) VALUES (106, 'Administrator');
INSERT INTO `servicemobi_db`.`tta_user_types` (`user_type_id`, `type_name`) VALUES (107, 'Developer');
INSERT INTO `servicemobi_db`.`tta_user_types` (`user_type_id`, `type_name`) VALUES (108, 'Manufacturer');
INSERT INTO `servicemobi_db`.`tta_user_types` (`user_type_id`, `type_name`) VALUES (109, 'Affiliate');
INSERT INTO `servicemobi_db`.`tta_user_types` (`user_type_id`, `type_name`) VALUES (110, 'Vendor');

COMMIT;


-- -----------------------------------------------------
-- Data for table `servicemobi_db`.`tta_customers`
-- -----------------------------------------------------
START TRANSACTION;
USE `servicemobi_db`;
INSERT INTO `servicemobi_db`.`tta_customers` (`customer_id`, `customer_type_id`, `campaign_id`, `customer_name`, `customer_primary_email`, `customer_billing_email`, `customer_alert_email`, `customer_primary_phone`, `customer_secondary_phone`, `customer_address`, `customer_signup_date_time`, `customer_notes`, `customer_remarks`, `customer_activated_by`, `customer_activated_date_time`, `customer_deactivated_by`, `customer_deactivate_date_time`, `customer_sms`, `customer_cost_per_device`, `customer_cost_per_vehicle`, `customer_rederred_by`, `customer_billing_date`, `donotsuspend`, `suspended`, `footer1_title`, `footer1_body`, `footer2_title`, `footer2_body`, `footer3`, `footer4`, `customer_inserted_by`, `customer_insert_date_time`, `customer_updated_by`, `customer_update_date_time`, `customer_status`) VALUES (1000, '1', '1', 'Mobi Track', 'mehedi247@hotmail.com', NULL, NULL, '01719111190', '123-123-1235', '21321', '2014-02-01 12:00:00', 'Vendor Notes', 'Vendor Remarks', '1', '2016-09-12 01:29:00', '', NULL, 500, 5000, 500, NULL, '10', NULL, NULL, '1', '2', '3', '4', '5', '6', '1', DEFAULT, NULL, DEFAULT, '1');
INSERT INTO `servicemobi_db`.`tta_customers` (`customer_id`, `customer_type_id`, `campaign_id`, `customer_name`, `customer_primary_email`, `customer_billing_email`, `customer_alert_email`, `customer_primary_phone`, `customer_secondary_phone`, `customer_address`, `customer_signup_date_time`, `customer_notes`, `customer_remarks`, `customer_activated_by`, `customer_activated_date_time`, `customer_deactivated_by`, `customer_deactivate_date_time`, `customer_sms`, `customer_cost_per_device`, `customer_cost_per_vehicle`, `customer_rederred_by`, `customer_billing_date`, `donotsuspend`, `suspended`, `footer1_title`, `footer1_body`, `footer2_title`, `footer2_body`, `footer3`, `footer4`, `customer_inserted_by`, `customer_insert_date_time`, `customer_updated_by`, `customer_update_date_time`, `customer_status`) VALUES (1001, '2', '1', 'Vendor', 'vendor@gmail.com', NULL, NULL, '01719111190', '123-123-1235', '21321', '2018-12-12 07:00:00', 'ss', 'gg', NULL, '2018-12-12 07:00:00', NULL, NULL, 500, 5000, 500, NULL, '05', NULL, NULL, NULL, NULL, NULL, NULL, NULL, NULL, '1', '2018-12-12 07:00:00', '1', DEFAULT, '1');
INSERT INTO `servicemobi_db`.`tta_customers` (`customer_id`, `customer_type_id`, `campaign_id`, `customer_name`, `customer_primary_email`, `customer_billing_email`, `customer_alert_email`, `customer_primary_phone`, `customer_secondary_phone`, `customer_address`, `customer_signup_date_time`, `customer_notes`, `customer_remarks`, `customer_activated_by`, `customer_activated_date_time`, `customer_deactivated_by`, `customer_deactivate_date_time`, `customer_sms`, `customer_cost_per_device`, `customer_cost_per_vehicle`, `customer_rederred_by`, `customer_billing_date`, `donotsuspend`, `suspended`, `footer1_title`, `footer1_body`, `footer2_title`, `footer2_body`, `footer3`, `footer4`, `customer_inserted_by`, `customer_insert_date_time`, `customer_updated_by`, `customer_update_date_time`, `customer_status`) VALUES (1002, '1', '1', 'Customer', 'customer@gmail.com', NULL, NULL, '01342342343', '345345345345', '23423 234 234', '2018-12-12 07:00:00', 'dfg dfg', 'dfg dfg', '1', '2018-12-12 07:00:00', NULL, NULL, 500, 5000, 450, NULL, '11', NULL, NULL, NULL, NULL, NULL, NULL, NULL, NULL, '1', '2018-12-12 07:00:00', '1', DEFAULT, '1');

COMMIT;


-- -----------------------------------------------------
-- Data for table `servicemobi_db`.`tta_users`
-- -----------------------------------------------------
START TRANSACTION;
USE `servicemobi_db`;
INSERT INTO `servicemobi_db`.`tta_users` (`user_id`, `user_type_id`, `customer_id`, `user_primary_account`, `user_login_email`, `user_password`, `user_name`, `position`, `user_rem`, `user_security_question`, `user_security_answer`, `user_pin`, `primary_phone`, `cell_phone`, `carrier_id`, `insert_date_time`, `inserted_by`, `update_date_time`, `updated_by`, `user_status`) VALUES (1, 107, 1000, '1', 'mehedi247@hotmail.com', 'c85941241c8ee07668209ca9ca274b942b9f851fca722fa072e5aa31403156485417dfb21f14bf0dde11cddf8f4cc0d47ebc1b07f21dbc317ef32e9725eaddf4', 'Mehedi Hasan', 'Managing Director', NULL, '01', 'Test', '123456', '01565465466', NULL, NULL, '2014-03-13 01:30:00', '1', '2014-03-13 01:30:00', '1', '1');
INSERT INTO `servicemobi_db`.`tta_users` (`user_id`, `user_type_id`, `customer_id`, `user_primary_account`, `user_login_email`, `user_password`, `user_name`, `position`, `user_rem`, `user_security_question`, `user_security_answer`, `user_pin`, `primary_phone`, `cell_phone`, `carrier_id`, `insert_date_time`, `inserted_by`, `update_date_time`, `updated_by`, `user_status`) VALUES (2, 110, 1001, '1', 'vendor@gmail.com', 'c85941241c8ee07668209ca9ca274b942b9f851fca722fa072e5aa31403156485417dfb21f14bf0dde11cddf8f4cc0d47ebc1b07f21dbc317ef32e9725eaddf4', 'Vendor', NULL, NULL, '01', 'asd', '123456', '01112331235', NULL, NULL, '2018-12-12 07:35:00', '1', '2018-12-12 07:35:00', '1', '1');
INSERT INTO `servicemobi_db`.`tta_users` (`user_id`, `user_type_id`, `customer_id`, `user_primary_account`, `user_login_email`, `user_password`, `user_name`, `position`, `user_rem`, `user_security_question`, `user_security_answer`, `user_pin`, `primary_phone`, `cell_phone`, `carrier_id`, `insert_date_time`, `inserted_by`, `update_date_time`, `updated_by`, `user_status`) VALUES (3, 101, 1002, '1', 'customer@gmail.com', 'c85941241c8ee07668209ca9ca274b942b9f851fca722fa072e5aa31403156485417dfb21f14bf0dde11cddf8f4cc0d47ebc1b07f21dbc317ef32e9725eaddf4', 'Customer', NULL, NULL, '01', 'dfgdfg', '123456', '01456456456', NULL, NULL, '2018-12-12 07:40:00', '1', '2018-12-12 07:40:00', '1', '1');
INSERT INTO `servicemobi_db`.`tta_users` (`user_id`, `user_type_id`, `customer_id`, `user_primary_account`, `user_login_email`, `user_password`, `user_name`, `position`, `user_rem`, `user_security_question`, `user_security_answer`, `user_pin`, `primary_phone`, `cell_phone`, `carrier_id`, `insert_date_time`, `inserted_by`, `update_date_time`, `updated_by`, `user_status`) VALUES (4, 102, 1000, '0', 'sales@gmail.com', 'c85941241c8ee07668209ca9ca274b942b9f851fca722fa072e5aa31403156485417dfb21f14bf0dde11cddf8f4cc0d47ebc1b07f21dbc317ef32e9725eaddf4', 'Sales', 'Salse', NULL, '01', 'Test', '123456', '01456456456', NULL, NULL, '2019-01-13 22:14:00', '1', '2019-01-13 22:14:00', '1', '1');
INSERT INTO `servicemobi_db`.`tta_users` (`user_id`, `user_type_id`, `customer_id`, `user_primary_account`, `user_login_email`, `user_password`, `user_name`, `position`, `user_rem`, `user_security_question`, `user_security_answer`, `user_pin`, `primary_phone`, `cell_phone`, `carrier_id`, `insert_date_time`, `inserted_by`, `update_date_time`, `updated_by`, `user_status`) VALUES (5, 103, 1000, '0', 'billing@gmail.com', 'c85941241c8ee07668209ca9ca274b942b9f851fca722fa072e5aa31403156485417dfb21f14bf0dde11cddf8f4cc0d47ebc1b07f21dbc317ef32e9725eaddf4', 'Billing', NULL, NULL, '01', 'Test', '123456', '01456456456', NULL, NULL, '2019-01-13 22:14:00', '1', '2019-01-13 22:14:00', '1', '1');
INSERT INTO `servicemobi_db`.`tta_users` (`user_id`, `user_type_id`, `customer_id`, `user_primary_account`, `user_login_email`, `user_password`, `user_name`, `position`, `user_rem`, `user_security_question`, `user_security_answer`, `user_pin`, `primary_phone`, `cell_phone`, `carrier_id`, `insert_date_time`, `inserted_by`, `update_date_time`, `updated_by`, `user_status`) VALUES (6, 104, 1000, '0', 'support@gmail.com', 'c85941241c8ee07668209ca9ca274b942b9f851fca722fa072e5aa31403156485417dfb21f14bf0dde11cddf8f4cc0d47ebc1b07f21dbc317ef32e9725eaddf4', 'Support', NULL, NULL, '01', 'Test', '123456', '01456456456', NULL, NULL, '2019-01-13 22:14:00', '1', '2019-01-13 22:14:00', '1', '1');
INSERT INTO `servicemobi_db`.`tta_users` (`user_id`, `user_type_id`, `customer_id`, `user_primary_account`, `user_login_email`, `user_password`, `user_name`, `position`, `user_rem`, `user_security_question`, `user_security_answer`, `user_pin`, `primary_phone`, `cell_phone`, `carrier_id`, `insert_date_time`, `inserted_by`, `update_date_time`, `updated_by`, `user_status`) VALUES (7, 105, 1000, '0', 'power@gmail.com', 'c85941241c8ee07668209ca9ca274b942b9f851fca722fa072e5aa31403156485417dfb21f14bf0dde11cddf8f4cc0d47ebc1b07f21dbc317ef32e9725eaddf4', 'Power User', 'Manager', NULL, '01', 'Test', '123456', '01456456456', NULL, NULL, '2019-01-13 22:14:00', '1', '2019-01-13 22:14:00', '1', '1');
INSERT INTO `servicemobi_db`.`tta_users` (`user_id`, `user_type_id`, `customer_id`, `user_primary_account`, `user_login_email`, `user_password`, `user_name`, `position`, `user_rem`, `user_security_question`, `user_security_answer`, `user_pin`, `primary_phone`, `cell_phone`, `carrier_id`, `insert_date_time`, `inserted_by`, `update_date_time`, `updated_by`, `user_status`) VALUES (8, 106, 1000, '0', 'admin@gmail.com', 'c85941241c8ee07668209ca9ca274b942b9f851fca722fa072e5aa31403156485417dfb21f14bf0dde11cddf8f4cc0d47ebc1b07f21dbc317ef32e9725eaddf4', 'Administrator', NULL, NULL, '01', 'Test', '123456', '01456456456', NULL, NULL, '2019-01-13 22:14:00', '1', '2019-01-13 22:14:00', '1', '1');
INSERT INTO `servicemobi_db`.`tta_users` (`user_id`, `user_type_id`, `customer_id`, `user_primary_account`, `user_login_email`, `user_password`, `user_name`, `position`, `user_rem`, `user_security_question`, `user_security_answer`, `user_pin`, `primary_phone`, `cell_phone`, `carrier_id`, `insert_date_time`, `inserted_by`, `update_date_time`, `updated_by`, `user_status`) VALUES (9, 108, 1000, '0', 'manufacturer@gmail.com', 'c85941241c8ee07668209ca9ca274b942b9f851fca722fa072e5aa31403156485417dfb21f14bf0dde11cddf8f4cc0d47ebc1b07f21dbc317ef32e9725eaddf4', 'Manufacturer', NULL, NULL, '01', 'Test', '123456', '01456456456', NULL, NULL, '2019-01-13 22:14:00', '1', '2019-01-13 22:14:00', '1', '1');

COMMIT;


-- -----------------------------------------------------
-- Data for table `servicemobi_db`.`tta_packages`
-- -----------------------------------------------------
START TRANSACTION;
USE `servicemobi_db`;
INSERT INTO `servicemobi_db`.`tta_packages` (`package_id`, `sort_by`, `package_name`, `package_price`, `per_user_price`) VALUES (1, '01', 'FREE Trial (30 Days)', '0.00', '0.00');
INSERT INTO `servicemobi_db`.`tta_packages` (`package_id`, `sort_by`, `package_name`, `package_price`, `per_user_price`) VALUES (2, '02', 'Basic Monthly', '29.00', '6.00');
INSERT INTO `servicemobi_db`.`tta_packages` (`package_id`, `sort_by`, `package_name`, `package_price`, `per_user_price`) VALUES (3, '03', 'Basic Yearly', '25.00', '5.00');
INSERT INTO `servicemobi_db`.`tta_packages` (`package_id`, `sort_by`, `package_name`, `package_price`, `per_user_price`) VALUES (4, '04', 'Advanced Monthly', '39.00', '6.00');
INSERT INTO `servicemobi_db`.`tta_packages` (`package_id`, `sort_by`, `package_name`, `package_price`, `per_user_price`) VALUES (5, '05', 'Advance Yearly', '35.00', '5.00');

COMMIT;


-- -----------------------------------------------------
-- Data for table `servicemobi_db`.`tta_devices`
-- -----------------------------------------------------
START TRANSACTION;
USE `servicemobi_db`;
INSERT INTO `servicemobi_db`.`tta_devices` (`device_id`, `device_type`, `vehicle_id`, `customer_id`, `device_imei`, `device_unique_id`, `device_activation_status`, `device_activated_by`, `device_activated_date_time`, `device_deactivated_by`, `device_deactivated_date_time`, `device_authorization_code`, `device_authorizad_by`, `device_authorized_date_time`, `device_deauthorized_by`, `device_deauthorized_date_time`, `device_asigned_status`, `device_asigned_to`, `device_asigned_date`, `device_sim_number`, `device_recharge_amount`, `device_current_url`, `device_old_url`, `device_update_url`, `device_varified`, `device_firmware`, `device_version`, `device_sleep_interval`, `device_note`, `device_inserted_by`, `device_insert_date_time`, `device_updated_by`, `device_update_date_time`, `device_status`) VALUES (1, '2', '1', '1000', 'AEIOU-12345', '358899058472252', '1', '1', NULL, NULL, NULL, 'AVHRF7AK5Y', NULL, NULL, NULL, NULL, '1', '1000', '2014-05-20', '01712521274', NULL, NULL, NULL, NULL, NULL, '11', '1', 2, NULL, NULL, NULL, NULL, NULL, '1');
INSERT INTO `servicemobi_db`.`tta_devices` (`device_id`, `device_type`, `vehicle_id`, `customer_id`, `device_imei`, `device_unique_id`, `device_activation_status`, `device_activated_by`, `device_activated_date_time`, `device_deactivated_by`, `device_deactivated_date_time`, `device_authorization_code`, `device_authorizad_by`, `device_authorized_date_time`, `device_deauthorized_by`, `device_deauthorized_date_time`, `device_asigned_status`, `device_asigned_to`, `device_asigned_date`, `device_sim_number`, `device_recharge_amount`, `device_current_url`, `device_old_url`, `device_update_url`, `device_varified`, `device_firmware`, `device_version`, `device_sleep_interval`, `device_note`, `device_inserted_by`, `device_insert_date_time`, `device_updated_by`, `device_update_date_time`, `device_status`) VALUES (2, '2', NULL, '1000', '23423423423', '23423423423', '1', '1', NULL, NULL, NULL, 'AVHRF7AK5Y', NULL, NULL, NULL, NULL, '0', NULL, NULL, '3453453453', NULL, NULL, NULL, NULL, NULL, NULL, NULL, NULL, NULL, NULL, NULL, NULL, NULL, '1');

COMMIT;


-- -----------------------------------------------------
-- Data for table `servicemobi_db`.`tta_vehicle_types`
-- -----------------------------------------------------
START TRANSACTION;
USE `servicemobi_db`;
INSERT INTO `servicemobi_db`.`tta_vehicle_types` (`vehicle_type_id`, `vehicle_type_sort`, `vehicle_type_name`, `vehicle_type_icon`, `vehicle_type_status`) VALUES (1, '1', 'Micro Bus', 'microbus', '1');
INSERT INTO `servicemobi_db`.`tta_vehicle_types` (`vehicle_type_id`, `vehicle_type_sort`, `vehicle_type_name`, `vehicle_type_icon`, `vehicle_type_status`) VALUES (2, '2', 'Car', 'car', '1');
INSERT INTO `servicemobi_db`.`tta_vehicle_types` (`vehicle_type_id`, `vehicle_type_sort`, `vehicle_type_name`, `vehicle_type_icon`, `vehicle_type_status`) VALUES (3, '3', 'Truck', 'truck', '1');
INSERT INTO `servicemobi_db`.`tta_vehicle_types` (`vehicle_type_id`, `vehicle_type_sort`, `vehicle_type_name`, `vehicle_type_icon`, `vehicle_type_status`) VALUES (4, '4', 'Bus', 'bus', '1');
INSERT INTO `servicemobi_db`.`tta_vehicle_types` (`vehicle_type_id`, `vehicle_type_sort`, `vehicle_type_name`, `vehicle_type_icon`, `vehicle_type_status`) VALUES (5, '5', 'Motor Cycle', 'bike', '1');
INSERT INTO `servicemobi_db`.`tta_vehicle_types` (`vehicle_type_id`, `vehicle_type_sort`, `vehicle_type_name`, `vehicle_type_icon`, `vehicle_type_status`) VALUES (6, '6', 'Pickup Truck', '', '1');
INSERT INTO `servicemobi_db`.`tta_vehicle_types` (`vehicle_type_id`, `vehicle_type_sort`, `vehicle_type_name`, `vehicle_type_icon`, `vehicle_type_status`) VALUES (7, '7', 'Jeep', '', '1');
INSERT INTO `servicemobi_db`.`tta_vehicle_types` (`vehicle_type_id`, `vehicle_type_sort`, `vehicle_type_name`, `vehicle_type_icon`, `vehicle_type_status`) VALUES (8, '8', 'Semi Truck', '', '1');
INSERT INTO `servicemobi_db`.`tta_vehicle_types` (`vehicle_type_id`, `vehicle_type_sort`, `vehicle_type_name`, `vehicle_type_icon`, `vehicle_type_status`) VALUES (9, '9', 'Ship', 'ship', '1');

COMMIT;


-- -----------------------------------------------------
-- Data for table `servicemobi_db`.`tta_vehicle_color`
-- -----------------------------------------------------
START TRANSACTION;
USE `servicemobi_db`;
INSERT INTO `servicemobi_db`.`tta_vehicle_color` (`vehicle_color_id`, `color_sort`, `color_name`, `color_css`, `color_status`) VALUES (1, '01', 'Green', 'green', '1');
INSERT INTO `servicemobi_db`.`tta_vehicle_color` (`vehicle_color_id`, `color_sort`, `color_name`, `color_css`, `color_status`) VALUES (2, '02', 'Blue', 'blue', '1');
INSERT INTO `servicemobi_db`.`tta_vehicle_color` (`vehicle_color_id`, `color_sort`, `color_name`, `color_css`, `color_status`) VALUES (3, '03', 'Orange', 'orange', '1');
INSERT INTO `servicemobi_db`.`tta_vehicle_color` (`vehicle_color_id`, `color_sort`, `color_name`, `color_css`, `color_status`) VALUES (4, '04', 'Black', 'black', '1');
INSERT INTO `servicemobi_db`.`tta_vehicle_color` (`vehicle_color_id`, `color_sort`, `color_name`, `color_css`, `color_status`) VALUES (5, '05', 'White', 'white', '1');
INSERT INTO `servicemobi_db`.`tta_vehicle_color` (`vehicle_color_id`, `color_sort`, `color_name`, `color_css`, `color_status`) VALUES (6, '06', 'Red', 'red', '1');
INSERT INTO `servicemobi_db`.`tta_vehicle_color` (`vehicle_color_id`, `color_sort`, `color_name`, `color_css`, `color_status`) VALUES (7, '07', 'Pink', 'pink', '1');
INSERT INTO `servicemobi_db`.`tta_vehicle_color` (`vehicle_color_id`, `color_sort`, `color_name`, `color_css`, `color_status`) VALUES (8, '08', 'Yellow', 'yellow', '1');
INSERT INTO `servicemobi_db`.`tta_vehicle_color` (`vehicle_color_id`, `color_sort`, `color_name`, `color_css`, `color_status`) VALUES (9, '09', 'Cyan', 'cyan', '1');
INSERT INTO `servicemobi_db`.`tta_vehicle_color` (`vehicle_color_id`, `color_sort`, `color_name`, `color_css`, `color_status`) VALUES (10, '10', 'Purple', 'purple', '1');
INSERT INTO `servicemobi_db`.`tta_vehicle_color` (`vehicle_color_id`, `color_sort`, `color_name`, `color_css`, `color_status`) VALUES (11, '11', 'Silver', 'silver', '1');

COMMIT;


-- -----------------------------------------------------
-- Data for table `servicemobi_db`.`tta_vehicles`
-- -----------------------------------------------------
START TRANSACTION;
USE `servicemobi_db`;
INSERT INTO `servicemobi_db`.`tta_vehicles` (`vehicle_id`, `customer_id`, `device_id`, `vehicle_type_id`, `vehicle_color_id`, `vehicle_device_status`, `vehicle_device_assigned_by`, `vehicle_device_assign_date_time`, `vehicle_device_unassigned_by`, `vehicle_device_unassign_date_time`, `vehicle_number`, `vehicle_year_make_model`, `vehicle_description`, `vehicle_remarks`, `vehicle_max_speed`, `vehicle_driver_name`, `vehicle_fathers_name`, `vehicle_driver_license`, `vehicle_address`, `vehicle_driver_phone`, `vehicle_driver_dob`, `vehicle_driver_notes`, `vehicle_inserted_by`, `vehicle_insert_date_time`, `vehicle_updated_by`, `vehicle_update_date_time`, `vehicle_activation_status`, `vehicle_activated_by`, `vehicle_activated_date_time`, `vehicle_deactivated_by`, `vehicle_deactivated_date_time`, `vehicle_distence_per_unit`, `vehicle_device_cost`, `vehicle_monthly_recurring_charge`, `vehicle_status`) VALUES (1, 1000, '1', 2, 1, '1', NULL, NULL, NULL, NULL, 'KHA-23332', 'TOYOTA', NULL, NULL, '80', 'John Tomas', 'Jacob Tomas', 'DFGERT654DFG2', '1122 Hollywood Street', '1231231234', '2014-05-20', NULL, NULL, NULL, NULL, NULL, NULL, NULL, NULL, NULL, NULL, '20', 3000, 400, '1');

COMMIT;


-- -----------------------------------------------------
-- Data for table `servicemobi_db`.`tta_boundaries`
-- -----------------------------------------------------
START TRANSACTION;
USE `servicemobi_db`;
INSERT INTO `servicemobi_db`.`tta_boundaries` (`boundary_id`, `customer_id`, `boundary_title`, `nw_lat`, `nw_long`, `se_lat`, `se_long`, `insert_date_time`, `inserted_by`, `update_date_time`, `updated_by`, `status`) VALUES (01, 1000, 'Dhaka City', '32132', '32131', '56464', '65464', NULL, NULL, NULL, NULL, '1');
INSERT INTO `servicemobi_db`.`tta_boundaries` (`boundary_id`, `customer_id`, `boundary_title`, `nw_lat`, `nw_long`, `se_lat`, `se_long`, `insert_date_time`, `inserted_by`, `update_date_time`, `updated_by`, `status`) VALUES (02, 1000, 'Chittagong', '5466', '65465', '46546', '4654', NULL, NULL, NULL, NULL, '1');
INSERT INTO `servicemobi_db`.`tta_boundaries` (`boundary_id`, `customer_id`, `boundary_title`, `nw_lat`, `nw_long`, `se_lat`, `se_long`, `insert_date_time`, `inserted_by`, `update_date_time`, `updated_by`, `status`) VALUES (03, 1000, 'Garage', '45', '4545', '45', '44', NULL, NULL, NULL, NULL, '1');

COMMIT;


-- -----------------------------------------------------
-- Data for table `servicemobi_db`.`tta_alerts`
-- -----------------------------------------------------
START TRANSACTION;
USE `servicemobi_db`;
INSERT INTO `servicemobi_db`.`tta_alerts` (`alert_id`, `boundary_id`, `customer_id`, `vehicle_id`, `device_id`, `alert_title`, `alert_type`, `notification_option`, `from`, `to`, `insert_date_time`, `inserted_by`, `update_date_time`, `updated_by`, `alert_delivery_status`, `alert_delivery_date`, `alert_delivery_time`, `status`, `alert_trigger_status`) VALUES (01, 01, 1000, 01, 60000, 'Test Alert', '2', '3', '00:00:00', '23:59:00', NULL, '1', NULL, NULL, '0', '2014-10-29', NULL, '1', NULL);
INSERT INTO `servicemobi_db`.`tta_alerts` (`alert_id`, `boundary_id`, `customer_id`, `vehicle_id`, `device_id`, `alert_title`, `alert_type`, `notification_option`, `from`, `to`, `insert_date_time`, `inserted_by`, `update_date_time`, `updated_by`, `alert_delivery_status`, `alert_delivery_date`, `alert_delivery_time`, `status`, `alert_trigger_status`) VALUES (02, 02, 1000, 01, 60000, 'test 1', '1', '2', '00:00:00', '23:59:00', NULL, '1', NULL, NULL, '1', '2014-10-29', '10:00:00', '1', NULL);

COMMIT;


-- -----------------------------------------------------
-- Data for table `servicemobi_db`.`tta_api`
-- -----------------------------------------------------
START TRANSACTION;
USE `servicemobi_db`;
INSERT INTO `servicemobi_db`.`tta_api` (`api_id`, `api_key`, `email`, `password`, `dob`, `insert_date_time`, `inserted_by`, `update_date_time`, `updated_by`, `status`) VALUES (01, NULL, 'tslvts1@gmail.com', NULL, '1980-01-01', NULL, NULL, NULL, NULL, '1');

COMMIT;


-- -----------------------------------------------------
-- Data for table `servicemobi_db`.`tta_item`
-- -----------------------------------------------------
START TRANSACTION;
USE `servicemobi_db`;
INSERT INTO `servicemobi_db`.`tta_item` (`item_id`, `item_category_id`, `item_sub_category_id`, `brand_id`, `item_name`, `item_model`, `item_description`, `item_purchase_price`, `item_margin`, `item_sale_price`, `item_quantity`, `item_retail_price`, `item_retail_margin`, `item_retail_quantity`, `item_total`, `item_note`, `image`, `insert_date_time`, `inserted_by`, `update_date_time`, `updated_by`, `status`) VALUES (1, NULL, NULL, '1', 'GPS Device', NULL, 'GPS Tracking Device For 4 Wheelers', '3999', NULL, '5999', '50', NULL, NULL, NULL, '199950', NULL, NULL, '2016-12-31 08:51:00', '1', '2016-12-31 08:51:00', '1', '1');
INSERT INTO `servicemobi_db`.`tta_item` (`item_id`, `item_category_id`, `item_sub_category_id`, `brand_id`, `item_name`, `item_model`, `item_description`, `item_purchase_price`, `item_margin`, `item_sale_price`, `item_quantity`, `item_retail_price`, `item_retail_margin`, `item_retail_quantity`, `item_total`, `item_note`, `image`, `insert_date_time`, `inserted_by`, `update_date_time`, `updated_by`, `status`) VALUES (2, NULL, NULL, '1', 'Device Tracking Transfer Fee', NULL, 'Device Tracking Transfer Fee', '1500', NULL, '1500', '9999999', NULL, NULL, NULL, '0', NULL, NULL, '2016-12-31 08:51:00', '1', '2016-12-31 08:51:00', '1', '1');
INSERT INTO `servicemobi_db`.`tta_item` (`item_id`, `item_category_id`, `item_sub_category_id`, `brand_id`, `item_name`, `item_model`, `item_description`, `item_purchase_price`, `item_margin`, `item_sale_price`, `item_quantity`, `item_retail_price`, `item_retail_margin`, `item_retail_quantity`, `item_total`, `item_note`, `image`, `insert_date_time`, `inserted_by`, `update_date_time`, `updated_by`, `status`) VALUES (3, NULL, NULL, '1', 'Monthly Subscription Fee', NULL, 'Monthly Subscription Fee', '500', NULL, '500', '9999999', NULL, NULL, NULL, '500', NULL, NULL, '2016-01-14 08:51:00', '1', '2016-01-14 08:51:00', '1', '1');
INSERT INTO `servicemobi_db`.`tta_item` (`item_id`, `item_category_id`, `item_sub_category_id`, `brand_id`, `item_name`, `item_model`, `item_description`, `item_purchase_price`, `item_margin`, `item_sale_price`, `item_quantity`, `item_retail_price`, `item_retail_margin`, `item_retail_quantity`, `item_total`, `item_note`, `image`, `insert_date_time`, `inserted_by`, `update_date_time`, `updated_by`, `status`) VALUES (4, NULL, NULL, '1', 'Installation Charge', NULL, 'Installation Charge', '1000', NULL, '1000', '9999999', NULL, NULL, NULL, '1000', NULL, NULL, '2018-12-12 08:51:00', '1', '2018-12-12 08:51:00', '1', '1');

COMMIT;


-- -----------------------------------------------------
-- Data for table `servicemobi_db`.`tta_settings`
-- -----------------------------------------------------
START TRANSACTION;
USE `servicemobi_db`;
INSERT INTO `servicemobi_db`.`tta_settings` (`settings_id`, `setting_name`, `setting_identifier`, `setting_options`, `setting_message`, `setting_autoload`, `setting_date`, `setting_from_time`, `setting_to_time`, `footer1_title`, `footer1_body`, `footer2_title`, `footer2_body`, `footer3`, `footer4`, `update_date_time`, `updated_by`, `setting_status`) VALUES (1, 'Maintanance Mode', ' maintananceMode', '0', NULL, NULL, NULL, NULL, NULL, 'Disclaimer:', 'All fee and subscription fee are non refundable.', 'How to pay:', 'You can pay with bKash: 01712920092', 'Thank you for your business.', 'Address: House #33, 4th Floor, Road #4, Dhanmondi, Dhaka- 1209', NULL, NULL, '1');

COMMIT;


-- -----------------------------------------------------
-- Data for table `servicemobi_db`.`tta_campaign`
-- -----------------------------------------------------
START TRANSACTION;
USE `servicemobi_db`;
INSERT INTO `servicemobi_db`.`tta_campaign` (`campaign_id`, `promo_code`, `campaign_name`, `description`, `start_date`, `end_date`, `insert_date_time`, `inserted_by`, `update_date_time`, `udpated_by`, `status`) VALUES (1, 'DG', 'Mela', NULL, '2016-10-19', NULL, '2016-10-19 10:00:00', '1', NULL, NULL, '1');

COMMIT;


-- -----------------------------------------------------
-- Data for table `servicemobi_db`.`tta_vendor_has_customers`
-- -----------------------------------------------------
START TRANSACTION;
USE `servicemobi_db`;
INSERT INTO `servicemobi_db`.`tta_vendor_has_customers` (`vendor_has_customer_id`, `customer_id`, `group_customer_id`, `insert_date_time`, `inserted_by`, `update_date_time`, `updated_by`, `status`) VALUES (1, 1001, 1000, '2017-07-13 22:30:00', '1', '2017-07-13 22:30:00', '1', '1');

COMMIT;


-- -----------------------------------------------------
-- Data for table `servicemobi_db`.`tta_company`
-- -----------------------------------------------------
START TRANSACTION;
USE `servicemobi_db`;
INSERT INTO `servicemobi_db`.`tta_company` (`company_id`, `company_name`, `footer1_title`, `footer1_body`, `footer2_title`, `footer2_body`, `footer3`, `footer4`, `insert_date_time`, `inserted_by`, `update_date_time`, `updated_by`, `status`) VALUES (1, 'Mobi track', 'Disclaimer:', 'All fee and subscription fee are non refundable.', 'How to pay:', 'You can pay with bKash: 01712920092', 'Thank you for your business.', 'House 119, Road 9/A, 3rd Floor, West Dhanmondi, Sankar, Dhanmondi, Dhaka-1209', '2019-01-21 16:00:00', '1', '2019-01-21 16:00:00', '1', '1');

COMMIT;


-- -----------------------------------------------------
-- Data for table `servicemobi_db`.`payment_type`
-- -----------------------------------------------------
START TRANSACTION;
USE `servicemobi_db`;
INSERT INTO `servicemobi_db`.`payment_type` (`payment_type`, `payment_type_name`, `status`) VALUES (1, 'bKash Merchant', '1');
INSERT INTO `servicemobi_db`.`payment_type` (`payment_type`, `payment_type_name`, `status`) VALUES (2, 'bKash Personal', '1');
INSERT INTO `servicemobi_db`.`payment_type` (`payment_type`, `payment_type_name`, `status`) VALUES (3, 'Cash', '1');
INSERT INTO `servicemobi_db`.`payment_type` (`payment_type`, `payment_type_name`, `status`) VALUES (4, 'Check', '1');

COMMIT;


-- -----------------------------------------------------
-- Data for table `servicemobi_db`.`tta_brand`
-- -----------------------------------------------------
START TRANSACTION;
USE `servicemobi_db`;
INSERT INTO `servicemobi_db`.`tta_brand` (`brand_id`, `brand_name`, `insert_date_time`, `inserted_by`, `update_date_time`, `updated_by`, `status`) VALUES (1, 'TOLSEN', '2020-11-29 12-21-00', '1', '2020-11-29 12-21-00', '1', '1');
INSERT INTO `servicemobi_db`.`tta_brand` (`brand_id`, `brand_name`, `insert_date_time`, `inserted_by`, `update_date_time`, `updated_by`, `status`) VALUES (2, 'INCCO', '2020-11-29 12-21-00', '1', '2020-11-29 12-21-00', '1', '1');

COMMIT;

